ticker,title,description,content,source,published_at,url,category
AAPL,Truly Unique AI Powerhouse Etches Buy Zone. Now Comes This Test.,ASML is the sole provider of EUV lithography machines vital to advanced AI chips from Nvidia and more. ASML stock is testing a breakout to a record high.,ASML is the sole provider of EUV lithography machines vital to advanced AI chips from Nvidia and more. ASML stock is testing a breakout to a record high.,Yahoo,2026-05-13 11:25:34+00:00,https://finnhub.io/api/news?id=f8d2d6602688f3d5346ebcd6214debe885e97bf85b595e20be327d2ddbe25317,company
AAPL,Tesla CEO Is Heading to China. What Musk Hopes to Accomplish.,"President Trump is trying to drum up business for Tesla, and other American companies, in China this week.","President Trump is trying to drum up business for Tesla, and other American companies, in China this week.",Yahoo,2026-05-13 11:11:00+00:00,https://finnhub.io/api/news?id=df2e9b40b61fd6239b46298dac87672a2626eb998cbc84ee8b87dfec99cb33bb,company
AAPL,What the Elite Group of CEOs Joining Trump in China Says About the U.S. Economy,"President Donald Trump has put together an exclusive group of CEOs, representing the best the U.S. has to offer, to join his key summit with Chinas Xi Jinping.","President Donald Trump has put together an exclusive group of CEOs, representing the best the U.S. has to offer, to join his key summit with Chinas Xi Jinping.",Yahoo,2026-05-13 10:45:00+00:00,https://finnhub.io/api/news?id=3661f0c293c7da2a699731db4a99c4f5e38f167bb4ba87bfdd8810a54ea99842,company
AAPL,The SP 500 May Not Be Diversified Anymore,Apollo warns mega cap dominance is reshaping the market,Apollo warns mega cap dominance is reshaping the market,Yahoo,2026-05-13 10:38:04+00:00,https://finnhub.io/api/news?id=1b548dd729d6053142c12368a9d28e04ea86cf64b35268ccde84a2c3af41010a,company
AAPL,Tech Giants Are Hiding the Holes in the Stock Markets Walls,"Tech is the standout perform in a narrowing market, with oil, trade, and inflation issues brewing on the sidelines.","Tech is the standout perform in a narrowing market, with oil, trade, and inflation issues brewing on the sidelines.",Yahoo,2026-05-13 10:35:00+00:00,https://finnhub.io/api/news?id=609c71b7a1b55fd8d8dfdee36b9948892675ca46211598be70239383353ab448,company
AAPL,Is This Surging Semiconductor Stock a Buy After Its Blockbuster Deal With Nvidia?,"Corning stock has quadrupled during the past 12 months, and it probably isnt done yet.","Corning stock has quadrupled during the past 12 months, and it probably isnt done yet.",Yahoo,2026-05-13 10:30:00+00:00,https://finnhub.io/api/news?id=143edb6aeacaa10f97825a4d05ca84169688ea16c3f1fd90c6e5076ef0f14377,company
AAPL,Update Market Chatter Nvidia Chief Executive Jensen Huang Joins Trump China Trip,Updates include details of other CEOs in the second paragraph. Nvidia NVDA Chief Executive Je,Updates include details of other CEOs in the second paragraph. Nvidia NVDA Chief Executive Je,Yahoo,2026-05-13 10:14:34+00:00,https://finnhub.io/api/news?id=bc2a6a2e3b60abece2f5849fe64a4a7c6309a2ba30cc172111938440938eb020,company
AAPL,Samsungs Late Galaxy Launch Hands Apple A Massive Advantage,"Apple Inc. NASDAQAAPL strengthened its position in the U.S. smartphone market during the first quarter of 2026 as analysts at Counterpoint Research said delayed rival launches, stronger carrier performance, and pressure on lower-cost Android brands reshaped industry dynamics. Apple Outperformed A Weak Smartphone Market Counterpoint Research noted on Tuesday that Apples U.S. iPhone sales volume rose 1.3% year over year in the first-quarter of 2026, while the broader U.S. smartphone market dec","Apple Inc. NASDAQAAPL strengthened its position in the U.S. smartphone market during the first quarter of 2026 as analysts at Counterpoint Research said delayed rival launches, stronger carrier performance, and pressure on lower-cost Android brands reshaped industry dynamics. Apple Outperformed A Weak Smartphone Market Counterpoint Research noted on Tuesday that Apples U.S. iPhone sales volume rose 1.3% year over year in the first-quarter of 2026, while the broader U.S. smartphone market dec",Yahoo,2026-05-13 09:51:53+00:00,https://finnhub.io/api/news?id=54f7d38fc2975a5a63ef01711b0bec57c40f00c1b3813c7a5f1add8665ef4528,company
AAPL,"Intel Slips Despite $80 Billion CPU Market Forecast, Apple Manufacturing Deal","Intel Corp secured a major boost to its foundry business after Apple Inc agreed to a manufacturing deal. Still, Intel shares are down during Tuesdays premarket session, trading 4.7% lower, as traders digest AI-related commentary highlighting intensifying competition in data-center...","Intel Corp secured a major boost to its foundry business after Apple Inc agreed to a manufacturing deal. Still, Intel shares are down during Tuesdays premarket session, trading 4.7% lower, as traders digest AI-related commentary highlighting intensifying competition in data-center...",Yahoo,2026-05-13 09:46:04+00:00,https://finnhub.io/api/news?id=5850036d66b954d3aecdbbf01c8c16365a6fd9569fe460d867b1a1321974c68f,company
AAPL,"Stock Market Today Dow Jones Futures Fall, SP 500 Gains As Trump Takes Big Tech Leaders To ChinaNvidia, Nextpower, Red Cat In Focus","U.S. stock futures were mixed on Wednesday after Mondays mostly lower close. Dow Jones futures fell, whereas SP 500 and Nasdaq 100 indices were rising. This follows President Donald Trumps visit to China along with Nvidia Corp. NASDAQNVDA CEO Jensen Huang, Tesla Inc.s NASDAQTSLA Elon Musk, Apple Inc.s NASDAQAAPL Tim Cook, BlackRock Inc.s NYSEBLK Larry Fink, and Qualcomm Inc.s NASDAQQCOM Cristiano Amon. Before leaving, Trump said on Tuesday that Americans financial struggle","U.S. stock futures were mixed on Wednesday after Mondays mostly lower close. Dow Jones futures fell, whereas SP 500 and Nasdaq 100 indices were rising. This follows President Donald Trumps visit to China along with Nvidia Corp. NASDAQNVDA CEO Jensen Huang, Tesla Inc.s NASDAQTSLA Elon Musk, Apple Inc.s NASDAQAAPL Tim Cook, BlackRock Inc.s NYSEBLK Larry Fink, and Qualcomm Inc.s NASDAQQCOM Cristiano Amon. Before leaving, Trump said on Tuesday that Americans financial struggle",Yahoo,2026-05-13 09:42:09+00:00,https://finnhub.io/api/news?id=51071c4eb65bf7dcd6911a28239e16273bf62a30ff1994b4adb870ddd0698d12,company
AAPL,"Qualcomm, Micron Lead Brutal Chip Selloff -- Nvidia Holds Strong",Qualcomm Tumbles as Inflation Shock Sparks Semiconductor Selloff,Qualcomm Tumbles as Inflation Shock Sparks Semiconductor Selloff,Yahoo,2026-05-13 09:40:36+00:00,https://finnhub.io/api/news?id=0aad5c58ad234c639c22e5efe429b71ad6ca5165153a84b9d29523cf7958610a,company
AAPL,Apple criticises EU measures to help AI rivals access Google services,"Apple on Wednesday echoed Googles criticism of EU antitrust regulators efforts to force the search giant to help AI rivals access its services, warning the proposed measures pose risks to privacy,...","Apple on Wednesday echoed Googles criticism of EU antitrust regulators efforts to force the search giant to help AI rivals access its services, warning the proposed measures pose risks to privacy,...",Finnhub,2026-05-13 09:15:49+00:00,https://finnhub.io/api/news?id=3295a964d11b51945d554561b973af25c7fa1b60e48c996e1378b63a51ff742e,company
AAPL,Qnity Electronics Q1 2026 Earnings Call Transcript,"Qnity Electronics NYSEQ reported first-quarter financial results on Tuesday. The transcript from the companys first-quarter earnings call has been provided below. This transcript is brought to you by Benzinga APIs. For real-time access to our entire catalog, please visit for a consultation. Access the full call at Summary Qnity Electronics Inc reported an 18% year-over-year increase in net sa","Qnity Electronics NYSEQ reported first-quarter financial results on Tuesday. The transcript from the companys first-quarter earnings call has been provided below. This transcript is brought to you by Benzinga APIs. For real-time access to our entire catalog, please visit for a consultation. Access the full call at Summary Qnity Electronics Inc reported an 18% year-over-year increase in net sa",Yahoo,2026-05-13 09:05:57+00:00,https://finnhub.io/api/news?id=872cf84b70400810fd4c1ee317892081912bbc5a5a06617c29e8b7cad29fb532,company
AAPL,"Trump Just Flew to China With Elon Musk, Larry Fink, and Jensen Huang Is a Trade Deal News About to Send Bitcoin to $90,000?","Bitcoin price climbed to a 24-hour high of $81,000 as Trump-China trade news pushed BTC toward its most structurally significant resistance in months. The question now is whether the geopolitical narrative has enough legs to carry BTC through $90,000, or whether the move is front-running an outcome that hasnt materialized ...","Bitcoin price climbed to a 24-hour high of $81,000 as Trump-China trade news pushed BTC toward its most structurally significant resistance in months. The question now is whether the geopolitical narrative has enough legs to carry BTC through $90,000, or whether the move is front-running an outcome that hasnt materialized ...",Yahoo,2026-05-13 09:03:58+00:00,https://finnhub.io/api/news?id=a199fbe514b63d08add987a17324c22230d07d2ba3fd10287c51fd238c171215,company
AAPL,Warren Buffett Reveals Why Berkshires Portfolio Hasnt Changed Much in Recent Years,Just five stocks account for 60% of Berkshires holdings -- that percentage was even higher in the past.,Just five stocks account for 60% of Berkshires holdings -- that percentage was even higher in the past.,Yahoo,2026-05-13 08:35:00+00:00,https://finnhub.io/api/news?id=53bc753b177f7d1a718b17110c0e9bb300aa32728c6d68f38296f38859ba6496,company
AAPL,How to Beat the SP 500 With a Dividend ETF Give Up the Dividend.,First Trust Rising Dividend Achievers has returned an annual 15.8% over the past 10 years. But dont look too closely at its dividend.,First Trust Rising Dividend Achievers has returned an annual 15.8% over the past 10 years. But dont look too closely at its dividend.,Yahoo,2026-05-13 07:58:00+00:00,https://finnhub.io/api/news?id=d92719778e3139b81404ee7276f3bfc6d2f7ec0d7b25b142caf5ad77429469ca,company
AAPL,"1 Unstoppable Stock to Buy Before It Joins Nvidia, Alphabet, Apple, and Microsoft in the $3 Trillion Club",This semiconductor leader has added more than $1 trillion in market cap over the past year. Theres likely more to come.,This semiconductor leader has added more than $1 trillion in market cap over the past year. Theres likely more to come.,Yahoo,2026-05-13 07:22:00+00:00,https://finnhub.io/api/news?id=02d9df913daa08cf4823fafe3fba7eea8fcf92797717c59563e467f6abc06dc2,company
AAPL,Why Are Intel INTC Shares Soaring Today,Shares of computer processor maker Intel NASDAQINTC jumped 14.1% in the afternoon session after reports surfaced that Apple has engaged in preliminary discussions with the company about manufacturing processors in the United States.,Shares of computer processor maker Intel NASDAQINTC jumped 14.1% in the afternoon session after reports surfaced that Apple has engaged in preliminary discussions with the company about manufacturing processors in the United States.,Yahoo,2026-05-13 06:28:55+00:00,https://finnhub.io/api/news?id=480499aeecc8888153a082c9847c8e6e92015c6e0536aa543ba2c52cd59ad079,company
AAPL,Howard Marks Warned Me About SP 500 Valuations I Ignored Him and My Portfolio Doubled,"On a recent episode of My First Million, Sam Parr told his co-host Shaan Puri that he keeps 80% of his portfolio in the SP 500, which would not be remarkable except for who told him not to. Howard Marks, the Oaktree co-founder whose memos move money around the world, had sat in that same ... Howard Marks Warned Me About SP 500 Valuations I Ignored Him and My Portfolio Doubled","On a recent episode of My First Million, Sam Parr told his co-host Shaan Puri that he keeps 80% of his portfolio in the SP 500, which would not be remarkable except for who told him not to. Howard Marks, the Oaktree co-founder whose memos move money around the world, had sat in that same ... Howard Marks Warned Me About SP 500 Valuations I Ignored Him and My Portfolio Doubled",Yahoo,2026-05-13 06:24:05+00:00,https://finnhub.io/api/news?id=b9f9650881ed8ebf5c3f30e2e00d8a734f4507d887c62e09eb475ff02f8466de,company
AAPL,Apple Intel Foundry Talks Put ASML At Center Of Chip Shift,"Apple and Intel are reported to be working on a foundry agreement that could trigger a multi billion euro order for ENXTAMASML lithography systems. The potential order focuses on next generation chip manufacturing capacity at a time when TSMC is delaying adoption of ASMLs latest High-NA EUV systems. This development reinforces ASMLs monopoly position in advanced lithography equipment as Western tech companies diversify their manufacturing partnerships. For readers tracking ENXTAMASML,...","Apple and Intel are reported to be working on a foundry agreement that could trigger a multi billion euro order for ENXTAMASML lithography systems. The potential order focuses on next generation chip manufacturing capacity at a time when TSMC is delaying adoption of ASMLs latest High-NA EUV systems. This development reinforces ASMLs monopoly position in advanced lithography equipment as Western tech companies diversify their manufacturing partnerships. For readers tracking ENXTAMASML,...",Yahoo,2026-05-13 06:12:59+00:00,https://finnhub.io/api/news?id=c4f8474ec8b602dcdbfeb05346483b11e1e4f1023b39b541ab9987a971f666dd,company
AAPL,"Flanked by tech billionaires, Trump heads to China holding few cards",Scrolling through Donald Trumps Truth Social feed on Tuesday made for jarring reading.,Scrolling through Donald Trumps Truth Social feed on Tuesday made for jarring reading.,Yahoo,2026-05-13 05:30:00+00:00,https://finnhub.io/api/news?id=3e6f63b41ebd63f0020fd9826958a7ee45be4542e60a5ee5b7c98991fdac9e07,company
AAPL,"Dow Jones Futures Nvidias Huang Joins Trumps China Trip How To Handle Sandisk, Micron, Intel","Nvidia CEO Jensen Huang is joining President Trumps China trip. Investors need sell rules for big AI winners such as Sandisk, Micron and Intel.","Nvidia CEO Jensen Huang is joining President Trumps China trip. Investors need sell rules for big AI winners such as Sandisk, Micron and Intel.",Yahoo,2026-05-13 03:09:38+00:00,https://finnhub.io/api/news?id=964da1eaaf72a32caaacf63306beb605def5e1cbe81eb1b87a01a3e58430f7ed,company
AAPL,"Nvidias Jensen Huang to join Trumps China visit, sources say","Nvidia CEO Jensen Huang will join over a dozen U.S. CEOs on President Donald Trumps visit to China this week, two sources familiar with the matter told Reuters on Wednesday. Huang did not appear on an initial list of executives provided by the White House earlier this week. Nvidias powerful H200 chips have not yet been sold to China, a U.S. official said last month, citing difficulties getting permission from the Chinese government.","Nvidia CEO Jensen Huang will join over a dozen U.S. CEOs on President Donald Trumps visit to China this week, two sources familiar with the matter told Reuters on Wednesday. Huang did not appear on an initial list of executives provided by the White House earlier this week. Nvidias powerful H200 chips have not yet been sold to China, a U.S. official said last month, citing difficulties getting permission from the Chinese government.",Yahoo,2026-05-13 01:34:48+00:00,https://finnhub.io/api/news?id=6e51d25d975aabae58f56fad08621e01b0aab27b116ebb7563f76813dd4ea299,company
AAPL,Apples India Clean Energy Push And AI Plans Test Investor Expectations,"Apple NasdaqGSAAPL has partnered with CleanMax to expand renewable energy capacity in India, directly supporting its 2030 carbon neutrality target. The company is preparing to outline a major AI strategy at its upcoming Worldwide Developers Conference, where new CEO John Ternus is expected to set the tone on AI and services. Both developments focus on India as a key operating base and on how Apple plans to develop its services and AI ecosystem. Apple, trading at $294.8, enters this news...","Apple NasdaqGSAAPL has partnered with CleanMax to expand renewable energy capacity in India, directly supporting its 2030 carbon neutrality target. The company is preparing to outline a major AI strategy at its upcoming Worldwide Developers Conference, where new CEO John Ternus is expected to set the tone on AI and services. Both developments focus on India as a key operating base and on how Apple plans to develop its services and AI ecosystem. Apple, trading at $294.8, enters this news...",Yahoo,2026-05-13 00:28:36+00:00,https://finnhub.io/api/news?id=c30d853502d9eb1baac1392dbbf875b5de8a676a6a7d9b309d2763c6da9421f2,company
AAPL,"Stock market today SP 500, Nasdaq futures rise with fresh PPI inflation data on deck",Focus is on the April wholesale inflation report in the wait for pdates on US-Iran talks and Trumps trip to China.,Focus is on the April wholesale inflation report in the wait for pdates on US-Iran talks and Trumps trip to China.,Yahoo,2026-05-12 22:30:45+00:00,https://finnhub.io/api/news?id=a76e13fa365b420df9feee7de0ae5dcaa6b7d1769668eceffa6f390175d3a57d,company
AAPL,"Dow Jones Futures AI Stocks Pare Big Losses How To Handle Sandisk, Micron, Intel","The Nasdaq fell as AI and chip stocks retreated, but they came off lows. Investors need sell rules for big AI winners such as Sandisk, Micron and Intel.","The Nasdaq fell as AI and chip stocks retreated, but they came off lows. Investors need sell rules for big AI winners such as Sandisk, Micron and Intel.",Yahoo,2026-05-12 21:55:30+00:00,https://finnhub.io/api/news?id=e0ea23168185f6d74c248f53bbdbccb5587f99ae6cbbae669de33d4745bd4f86,company
AAPL,Why Intel Corporation INTC Was One of the Top Blue Chip Stocks Suddenly on Fire in April,"Intel Corporation NASDAQINTC is one of the top blue chip stocks that were suddenly on fire in April. Reuters reported on May 5 that, according to Bloomberg News, Apple Inc held exploratory discussions regarding the use of Intel Corporation NASDAQINTC and Samsung Electronics for the production of the main processors for its devices. Apple executives","Intel Corporation NASDAQINTC is one of the top blue chip stocks that were suddenly on fire in April. Reuters reported on May 5 that, according to Bloomberg News, Apple Inc held exploratory discussions regarding the use of Intel Corporation NASDAQINTC and Samsung Electronics for the production of the main processors for its devices. Apple executives",Yahoo,2026-05-12 21:29:33+00:00,https://finnhub.io/api/news?id=962f63a6a0dcc804bf35ee2da0ca857b35b63292522bdffdf74f1f0bcf2256e2,company
AAPL,"Alibaba earnings, Trump Xi meet, PPI data What to Watch","Market Domination Overtime host Josh Lipton takes a look at the top stories for investors to watch on Wednesday, May 13, including President Trumps meeting with Chinese President Xi, Alibaba BABA and Cisco CSCO earnings, Aprils Producer Price Index PPI data, and commentary from Federal Reserve officials.","Market Domination Overtime host Josh Lipton takes a look at the top stories for investors to watch on Wednesday, May 13, including President Trumps meeting with Chinese President Xi, Alibaba BABA and Cisco CSCO earnings, Aprils Producer Price Index PPI data, and commentary from Federal Reserve officials.",Yahoo,2026-05-12 20:49:46+00:00,https://finnhub.io/api/news?id=5a64e3ccd5393cd48ea8afd510429352be136bf709d3169ec2060262b4afc092,company
AAPL,Why Netflix spent so much money over the past decade,Yahoo Finance Senior Reporter Brooke DiPalma breaks down Netflixs NFLX massive spending over the past 10 years.,Yahoo Finance Senior Reporter Brooke DiPalma breaks down Netflixs NFLX massive spending over the past 10 years.,Yahoo,2026-05-12 19:33:24+00:00,https://finnhub.io/api/news?id=63f2f3da3f3a0f546b7c235e70fdc5c0b25654a991b43885dbaf1b23d6fe06c4,company
AAPL,Tower Semiconductor poised for Q1 earnings beat on strong industry trends Wedbush,"Tower Semiconductor NASDAQTSEM is set to report first quarter earnings before the market opens Wednesday, with investors expected to focus closely on the companys long-term growth outlook and management commentary around future capacity expansion. Wedbush analysts wrote that they expect...","Tower Semiconductor NASDAQTSEM is set to report first quarter earnings before the market opens Wednesday, with investors expected to focus closely on the companys long-term growth outlook and management commentary around future capacity expansion. Wedbush analysts wrote that they expect...",Yahoo,2026-05-12 19:12:00+00:00,https://finnhub.io/api/news?id=a7516cc978a32e5cf8de9f48b6fab5a91b2ff45e4f93d5eb9e887f458e16e0fc,company
AAPL,"Intels Big Rally Continues, But Much of the Optimism Is Already Priced In",Intels remarkable rally reflects growing investor confidence in the companys turnaround efforts and its expanding role in the AI infrastructure boom.,Intels remarkable rally reflects growing investor confidence in the companys turnaround efforts and its expanding role in the AI infrastructure boom.,Yahoo,2026-05-12 19:02:57+00:00,https://finnhub.io/api/news?id=c6ad33c5cd399c7639d19244487f0cb4faef489d7261f1ea9f04385a6390151a,company
AAPL,U.S. CEOs seek China business gains from Trump-Xi summit,"STORY Its a whos who of the business world heading to China with U.S. President Donald Trump this week as he meets with Chinese President Xi Jinping. Elon Musk, Apples Tim Cook and others will make the trip, according to a White House official.Sources say the companies hope the summit will generate enough political goodwill to unlock regulatory approvals, market access and investment opportunities.One of the sources said a critical precondition for companies to join the trip was having a QUOTE tangible ask that promised a concrete outcome or handshake deal during or after the summit.None of the companies responded to requests for comment on their goals for outcomes from the summit.In Musks case, China is weighing curbs on exports of solar manufacturing equipment to the United States, which could threaten plans by Tesla to build new factories or expand existing ones to boost local production.In March, Reuters reported that Tesla was looking to buy $2.9 billion of equipment for making solar panels from Chinese suppliers.Tesla is also seeking Chinese regulatory clearance to expand the adoption of its Full Self-Driving assistance system in the worlds largest auto market.Boeings CEO Kelly Ortberg told Reuters last month that the U.S. plane maker was counting on the Trump administration to help unlock a long-awaited major order from China.China and Boeing have been in prolonged talks for a deal that industry sources say could include 500 737 MAX jets, plus dozens of widebody jets powered by GE engines.One CEO not making the trip is Nvidias Jensen Huang, a person familiar with the matter said on Monday.Huang was not invited, the source said, with the White House focusing more on agriculture and commercial aviation matters on the current trip. Nvidia has been pushing the administration to allow it to sell some of its AI chips to Beijing.The White House did not immediately respond to a request for comment.","STORY Its a whos who of the business world heading to China with U.S. President Donald Trump this week as he meets with Chinese President Xi Jinping. Elon Musk, Apples Tim Cook and others will make the trip, according to a White House official.Sources say the companies hope the summit will generate enough political goodwill to unlock regulatory approvals, market access and investment opportunities.One of the sources said a critical precondition for companies to join the trip was having a QUOTE tangible ask that promised a concrete outcome or handshake deal during or after the summit.None of the companies responded to requests for comment on their goals for outcomes from the summit.In Musks case, China is weighing curbs on exports of solar manufacturing equipment to the United States, which could threaten plans by Tesla to build new factories or expand existing ones to boost local production.In March, Reuters reported that Tesla was looking to buy $2.9 billion of equipment for making solar panels from Chinese suppliers.Tesla is also seeking Chinese regulatory clearance to expand the adoption of its Full Self-Driving assistance system in the worlds largest auto market.Boeings CEO Kelly Ortberg told Reuters last month that the U.S. plane maker was counting on the Trump administration to help unlock a long-awaited major order from China.China and Boeing have been in prolonged talks for a deal that industry sources say could include 500 737 MAX jets, plus dozens of widebody jets powered by GE engines.One CEO not making the trip is Nvidias Jensen Huang, a person familiar with the matter said on Monday.Huang was not invited, the source said, with the White House focusing more on agriculture and commercial aviation matters on the current trip. Nvidia has been pushing the administration to allow it to sell some of its AI chips to Beijing.The White House did not immediately respond to a request for comment.",Yahoo,2026-05-12 18:16:30+00:00,https://finnhub.io/api/news?id=64f3908d96aa3bc7e2230540f99440a2eb39ef11cea20464518521ad6b3d321d,company
AAPL,Apple Inc AAPL Partners with CleanMax to Enhance Renewable Energy Capacity in India,"Apple Inc. NASDAQAAPL is one of the top tech stocks in Louis Navelliers portfolio. On May 7, Apple unveiled new initiatives aimed at expanding renewable energy infrastructure, reducing plastic pollution, and fostering green entrepreneurship in India. The company has inked a strategic partnership with clean energy developer CleanMax as part of a new effort to","Apple Inc. NASDAQAAPL is one of the top tech stocks in Louis Navelliers portfolio. On May 7, Apple unveiled new initiatives aimed at expanding renewable energy infrastructure, reducing plastic pollution, and fostering green entrepreneurship in India. The company has inked a strategic partnership with clean energy developer CleanMax as part of a new effort to",Yahoo,2026-05-12 18:14:05+00:00,https://finnhub.io/api/news?id=d831b88f4ac9953ce3770677cedb46cc3ed86fece4fbc4ee9b09c9b8ebe8aad6,company
AAPL,Curious about the most active SP500 stocks in todays session?,Stay informed about the most active stocks in the SP500 index on Tuesdays session. Discover the stocks that are generating the highest trading volume and driving market activity.,Stay informed about the most active stocks in the SP500 index on Tuesdays session. Discover the stocks that are generating the highest trading volume and driving market activity.,ChartMill,2026-05-12 18:05:02+00:00,https://finnhub.io/api/news?id=788882beaf4211666566e4fd75b108bfd7c32f660dcfa7adf67f129917127f4d,company
AAPL,"Intel Crashes 10%, AMD Slides 5% as Chip Trade Cools After Parabolic Run","Shares of Intel NASDAQINTC are down 10% in Tuesday trading, changing hands near $116 after closing at $129.44 on Monday. Advanced Micro Devices NASDAQAMD is sliding alongside, off 5% at roughly $436. The selloff lands after both names ripped through a parabolic stretch. Intel stock gained 35% in the week ending May 11, while AMD ... Intel Crashes 10%, AMD Slides 5% as Chip Trade Cools After Parabolic Run","Shares of Intel NASDAQINTC are down 10% in Tuesday trading, changing hands near $116 after closing at $129.44 on Monday. Advanced Micro Devices NASDAQAMD is sliding alongside, off 5% at roughly $436. The selloff lands after both names ripped through a parabolic stretch. Intel stock gained 35% in the week ending May 11, while AMD ... Intel Crashes 10%, AMD Slides 5% as Chip Trade Cools After Parabolic Run",Yahoo,2026-05-12 17:58:33+00:00,https://finnhub.io/api/news?id=7afaf2777e3717117dd9a1a14c96ee514a363c13213d96a004fb1b58ff50f843,company
AAPL,Nvidia CEO Left Off Trumps China Delegation Despite $50 Billion Opportunity,Jensen Huang will not join Trumps China trip as Nvidias AI chip sales remain tied to export controls.,Jensen Huang will not join Trumps China trip as Nvidias AI chip sales remain tied to export controls.,Yahoo,2026-05-12 17:32:56+00:00,https://finnhub.io/api/news?id=204f15228e7599782beebec79fc27ea4cc0b6e6d4d17f0eb443e8848cc7cfe09,company
AAPL,Everybody Wants To Panic Sell. Dont.,Daily Stock PicksÂ Gary Vaughan from Daily Stock Picks tells us 2 truths and a lie.,Daily Stock PicksÂ Gary Vaughan from Daily Stock Picks tells us 2 truths and a lie.,SeekingAlpha,2026-05-12 17:18:00+00:00,https://finnhub.io/api/news?id=8e43410f729ec7f7d7a16b6187d304b6d508a0c12ed87d3e2b42f77183d15e53,company
AAPL,Heres What AMDs 2nm Deal With Samsung Could Mean for Taiwan Semi Stock,What looks like a short-term setback for TSMC may prove far more damaging in the long run. Heres what to know about TSM stock today.,What looks like a short-term setback for TSMC may prove far more damaging in the long run. Heres what to know about TSM stock today.,Yahoo,2026-05-12 17:00:02+00:00,https://finnhub.io/api/news?id=3d7c2a4f3939464b7cc7fd656dc0d70469a510ab0ccf0798ea48b4f1e3d28ec3,company
AAPL,Elon Musk To Join Trump On China State Visit. Tesla Stock Sinks.,Tesla CEO Elon Musk will be among a group of business leaders joining President Donald Trumps state visit to China.,Tesla CEO Elon Musk will be among a group of business leaders joining President Donald Trumps state visit to China.,Yahoo,2026-05-12 16:48:11+00:00,https://finnhub.io/api/news?id=abae73ce18e21fdb4ec873bdc6b85be05a045c00fe4bc230db27a75c87230597,company
AAPL,What Makes Apple AAPL a Strong Momentum Stock Buy Now?,Does Apple AAPL have what it takes to be a top stock pick for momentum investors? Lets find out.,Does Apple AAPL have what it takes to be a top stock pick for momentum investors? Lets find out.,Yahoo,2026-05-12 16:00:03+00:00,https://finnhub.io/api/news?id=1101dc0c2420548c6821bb660c6b5694c6418dffd304e2f9e816a9fc7e974a75,company
AAPL,"Global Home Automation Systems Market Report 2026-2032 Trends, Revenue Opportunities Competitive Analysis Featuring Johnson Controls, Schneider Electric, Siemens, Honeywell, ASSA ABLOY, Apple, ABB, and More","Home Automation System Market Home Automation System Market Dublin, May 12, 2026 GLOBE NEWSWIRE -- The Home Automation System Market by Lighting Controls, Smart Speakers, Entertainment Controls, HVAC Controls, Security Access Controls, Wired, Wireless, Behavioral, Proactive, Multi-family Residence, Single-family Residence - Global Forecast to 2032 has been added to ResearchAndMarkets.coms offering. The global home automation system market is poised for significant growth, with an estimate","Home Automation System Market Home Automation System Market Dublin, May 12, 2026 GLOBE NEWSWIRE -- The Home Automation System Market by Lighting Controls, Smart Speakers, Entertainment Controls, HVAC Controls, Security Access Controls, Wired, Wireless, Behavioral, Proactive, Multi-family Residence, Single-family Residence - Global Forecast to 2032 has been added to ResearchAndMarkets.coms offering. The global home automation system market is poised for significant growth, with an estimate",Yahoo,2026-05-12 15:59:00+00:00,https://finnhub.io/api/news?id=287921cb258f25262624ccc8fd76454c2f039a8ea71b0da9177141b09ce47d3a,company
AAPL,Trump invited only 2 women executives on his first trip to China in nearly a decade an increase from last time,"The last time President Trump visited China, he took an even larger delegation, but didnt invite a single woman.","The last time President Trump visited China, he took an even larger delegation, but didnt invite a single woman.",Yahoo,2026-05-12 15:55:00+00:00,https://finnhub.io/api/news?id=456318566ea3c16ffca4fcf525574a9418505cb8e4ad8f2cebd06e86e7ad7a30,company
AAPL,Mizuho Hikes Intel Price Target to $124 as Agentic AI Server Demand Validates the Turnaround,"Mizuho raised its price target on Intel NASDAQINTC stock to $124 from $100 on May 12, keeping a Neutral rating as the firm cited agentic AI continuing to drive server demand. The revision is part of a broader semiconductor and AI infrastructure estimate hike across multiple names. For long-term investors, the move signals that even cautious ... Mizuho Hikes Intel Price Target to $124 as Agentic AI Server Demand Validates the Turnaround","Mizuho raised its price target on Intel NASDAQINTC stock to $124 from $100 on May 12, keeping a Neutral rating as the firm cited agentic AI continuing to drive server demand. The revision is part of a broader semiconductor and AI infrastructure estimate hike across multiple names. For long-term investors, the move signals that even cautious ... Mizuho Hikes Intel Price Target to $124 as Agentic AI Server Demand Validates the Turnaround",Yahoo,2026-05-12 15:47:20+00:00,https://finnhub.io/api/news?id=0baac4a07e79bc00b0576938bfd9ae86a9e17af6d8f8372a2c649ebdc881a2d3,company
AAPL,Hot Inflation Data Treasury Auction Test Ahead Trumps Iran Comment Draws Attention,Treasury Auction Ahead,Treasury Auction Ahead,Benzinga,2026-05-12 15:40:49+00:00,https://finnhub.io/api/news?id=934188cc2d90a6139b799793aae153be88ab5bcb9b48ad3f1f13130b294e18db,company
AAPL,Tesla stock slips ahead of Musks trip to China with Trump trade delegation,"After a string of gains, Tesla stock slipped on Tuesday ahead of CEO Elon Musks trip to China with President Trump.","After a string of gains, Tesla stock slipped on Tuesday ahead of CEO Elon Musks trip to China with President Trump.",Yahoo,2026-05-12 15:20:48+00:00,https://finnhub.io/api/news?id=8d41aa91bcc81ec994135b56e2ebf1eb229319d347ec57838c73abffd0b714bc,company
AAPL,Heres What Elon Musk Could Discuss In China As He Joins Trumps State Visit,Tesla CEO Elon Musk will be among a group of business leaders joining President Donald Trumps state visit to China.,Tesla CEO Elon Musk will be among a group of business leaders joining President Donald Trumps state visit to China.,Yahoo,2026-05-12 14:41:27+00:00,https://finnhub.io/api/news?id=aa295e65167835eaf5900e733c928df239474f4b2f55a636971abebe6910a7b4,company
AAPL,"The fast food stocks benefitting from value, premium offerings","Fast food companies reported strong first quarter earnings, their respective chief executives emphasizing the value being offered to consumers amid rising food costs, oil CLF, BZF and gas prices RBF, and overall costs of living. Yahoo Finance Executive Editor Brian Sozzi brings on Senior Reporters Brooke DiPalma and Ines Ferré and B. Riley Wealth chief market strategist Art Hogan to talk more about the performance of fast food stocks.","Fast food companies reported strong first quarter earnings, their respective chief executives emphasizing the value being offered to consumers amid rising food costs, oil CLF, BZF and gas prices RBF, and overall costs of living. Yahoo Finance Executive Editor Brian Sozzi brings on Senior Reporters Brooke DiPalma and Ines Ferré and B. Riley Wealth chief market strategist Art Hogan to talk more about the performance of fast food stocks.",Yahoo,2026-05-12 14:41:17+00:00,https://finnhub.io/api/news?id=37178f7ed0d41caa1f7bae37ad602709f5243d8516766ebcf4a599e6e0abb9c7,company
AAPL,Jim Cramer Said Smell AI Stocks Heard Sell,"Jim Cramer said he could 34smell the reversal day.34 Unfortunately, he was right this time.","Jim Cramer said he could 34smell the reversal day.34 Unfortunately, he was right this time.",Benzinga,2026-05-12 14:20:30+00:00,https://finnhub.io/api/news?id=0afe89a5a5d7f223399a83d6d2ea1c6019c1425b04faf5ae545420b9b5a24de6,company
AAPL,Intel Rally Faces Reality Check After Triple-Digit Surge,Bank of America says optimism around a potential Apple foundry deal may be outpacing execution reality.,Bank of America says optimism around a potential Apple foundry deal may be outpacing execution reality.,Yahoo,2026-05-12 14:06:29+00:00,https://finnhub.io/api/news?id=759014bb8cc43adabe6af38e9956bb3f9327c366a6e3147aba1ca456fd76d0b7,company
AAPL,"SanDisk, Micron Stocks Plummet As Korea Shockwave Batters The Great Memory Boom",A political curveball from Seoul wiped out doubledigit gains in memory stocks and unleashed a global chip rout in minutes.,A political curveball from Seoul wiped out doubledigit gains in memory stocks and unleashed a global chip rout in minutes.,Benzinga,2026-05-12 13:57:48+00:00,https://finnhub.io/api/news?id=039590f8d5e71c4e5b8dfbbdf36a7287ea21caf34ada7c053b52e347f663b568,company
AAPL,"BenQ India Eyes 1,000 crore revenue in CY2026 10% price hike likely","Premium monitors, home projectors and smart classrooms power growth as BenQ lays groundwork for a 1,2001,300 crore CY2027 target.","BenQ India, the local arm of Taiwans Qisda Corporation, is on track to cross 1,000 crore in revenue in calendar year 2026 CY2026, a milestone that would mark its strongest growth phase ias the comp 4947 chars",BusinessLine,2026-05-12 13:11:17+00:00,https://www.thehindubusinessline.com/news/benq-india-eyes-1000-crore-revenue-in-cy2026-10-price-hike-likely/article70967317.ece,
AAPL,Bitdeer mined 783 bitcoin in April as AI cloud ARR rose to $69 million,Bitdeer reported a 372% year-over-year increase in bitcoin production for April while its AI cloud annualized recurring revenue jumped 60% month over month.,"Bitdeer NASDAQ BTDR said on Tuesday that it mined 783 bitcoin in April 2026, a 372% increase from 166 bitcoin a year earlier. The company also reported that its AI cloud annualized recurring reven 2411 chars",Blockspace.media,2026-05-12 13:05:27+00:00,https://blockspace.media/insight/bitdeer-mined-783-bitcoin-in-april-as-ai-cloud-arr-rose-to-69-million/,
AAPL,South Africa Jobless Rate Rises Before Iran War Fallout Hits,"South Africas unemployment rate rose more than expected in the first quarter as job losses in sectors including construction and community services weakened the labor market, even as the full impact of the Iran war is yet to filter through.","Bloomberg South Africas unemployment rate rose more than expected in the first quarter as job losses in sectors including construction and community services weakened the labor market, even as the 4852 chars",Financial Post,2026-05-12 12:46:33+00:00,https://financialpost.com/pmn/business-pmn/south-africa-jobless-rate-rises-before-iran-war-fallout-hits,
AAPL,Google disrupts hackers using AI to exploit an unknown weakness in a companys digital defense,"Google said Monday that it had disrupted a criminal groups attempt to use artificial intelligence to exploit another companys previously unknown digital vulnerability, adding to heightened worries across government and private industry about AIs ris...","Google said Monday that it had disrupted a criminal groups attempt to use artificial intelligence to exploit another companys previously unknown digital vulnerability, adding to heightened worries 5337 chars",Abcnews.com,2026-05-12 12:13:19+00:00,https://abcnews.com/Business/wireStory/google-disrupts-hackers-ai-exploit-unknown-weakness-companys-132845519,
AAPL,"Morning Minute Circle Stock Soars After Q1 Beat, $222M Arc Raise","Circle just beat earnings and raised fresh capital for its new Arc blockchain, while Michael Saylor explained how and why hed sell Bitcoin.",Morning Minute is a daily newsletter written by Tyler Warner. The analysis and opinions expressed are his own and do not necessarily reflect those of Decrypt. And check out our new daily news show co 9231 chars,Decrypt,2026-05-12 11:55:03+00:00,https://decrypt.co/367530/morning-minute-circle-stock-soars-after-q1-beat-222m-arc-raise,
AAPL,Baseband Processor Market Size to Hit USD 33.26 Billion by 2035 Research by SNS Insider,"Global Baseband Processor Market Size, Share, Revenue Trends Segmentation, By Type, Application, Technology, Processor Type, and Region Forecast 2035...","Austin, May 12, 2026 GLOBE NEWSWIRE -- Baseband Processor Market Size amp Growth Insights According to the SNS Insider,The Baseband Processor Marketwas valued at USD 18.27 Billion in 2025 and i 8607 chars",GlobeNewswire,2026-05-12 11:30:00+00:00,https://www.globenewswire.com/news-release/2026/05/12/3292723/0/en/Baseband-Processor-Market-Size-to-Hit-USD-33-26-Billion-by-2035-Research-by-SNS-Insider.html,
AAPL,Infrastructure Capital Advisors Partners with Nasdaq to Launch its First Nasdaq ETF Infrastructure Capital Nasdaq Option Income ETF QVOL,"Actively managed strategy targets high monthly income with Nasdaq equity upside exposure NEW YORK, May 12, 2026 PRNewswire -- Infrastructure Capital Advisors, LLC Infrastructure Capital, a leading provider of investment management solutions designed to me","QVOL is designed to deliver an attractive income stream through a disciplined options-writing strategy, while maintaining the potential for capital appreciation through selective equity positioning. 11949 chars",PRNewswire,2026-05-12 10:30:00+00:00,https://www.prnewswire.com/news-releases/infrastructure-capital-advisors-partners-with-nasdaq-to-launch-its-first-nasdaq-etf-infrastructure-capital-nasdaq-option-income-etf-qvol-302769129.html,
AAPL,Apple is missing the thing that once made it great,"Macworld Despite what you might think, given the volume of words the Macalope has spilled over the issue, he is extremely tired of talking about AI. Hes honestly pretty tired of talking about a lot of tech topics that pervade our current doomscape.","Skip to contentType your search and hit enter When you purchase through links in our articles, we may earn a small commission. This doesnt affect our editorial independence . By The Macalope, Con 5182 chars",Macworld,2026-05-12 10:30:00+00:00,https://www.macworld.com/article/3136923/can-john-ternus-make-apple-fun-again.html,
AAPL,Save up to $300 on these M3 iPad Air clearance deals before they are gone for good,"While I generally like to stay as up to date as possible when it comes to Apple gear purchases, previous-generation iPad models are a great way to save some money. Some folks use an iPad as their main machine, but for me thats the Mac, and these M3 iPad Air","While I generally like to stay as up to date as possible when it comes to Apple gear purchases, previous-generation iPad models are a great way to save some money. Some folks use an iPad as their mai 881 chars",9to5Toys,2026-05-12 10:28:44+00:00,http://9to5toys.com/2026/05/12/m3-ipad-air-clearance-deals-best/,
AAPL,Forget Your Apple Account Password? Heres How to Reset It,Youll need these credentials if you want to buy a new Apple device.,"If youre an Apple user, then you know how important your Apple Account -- formerly Apple ID -- and password are. You cant access Apple services like iCloud, iMessage and Apple Pay without them. You 3682 chars",CNET,2026-05-12 10:00:48+00:00,https://www.cnet.com/tech/services-and-software/forget-your-apple-account-password-heres-how-to-reset-it/,
AAPL,"Whats at stake for trade, Taiwan and Iran in Trumps high-risk summit with Chinas Xi","China experts expect Trump and Xi may announce trade deals or other agreements, such as a Chinese purchase of U.S. agricultural products or Boeing aircraft.","U.S. President Donald Trump shakes hands with Chinese President Xi Jinping as they hold a bilateral meeting at Gimhae International Airport, on the sidelines of the Asia-Pacific Economic Cooperation 9196 chars",CNBC,2026-05-12 10:00:01+00:00,https://www.cnbc.com/2026/05/12/trump-xi-china-trade-iran-taiwan.html,
AAPL,New Amazon all-time low hits 32GB1TB M5 MacBook Pro at $300 off,"As the now discontinued 512GB M5 MacBook Pro models become harder and harder to come across the 32GB model we featured over the weekend is completely out of stock, Amazon has now dropped its 32GB1TB model to its best price ever at $300 off. more","As the now discontinued 512GB M5 MacBook Pro models become harder and harder to come across the 32GB model we featured over the weekend is completely out of stock, Amazon has now dropped its 32GB1TB 1729 chars",9to5Toys,2026-05-12 09:57:34+00:00,http://9to5toys.com/2026/05/12/new-amazon-best-32gb-1tb-m5-macbook-pro-price/,
AAPL,Why JPMorgan Equity Premium Income ETF Limits Upside While JPMorgan Nasdaq Equity Premium Income ETF Sacrifices Growth for 11.98% Yields,JPMorgan Equity Premium Income ETF NYSEARCAJEPI and JPMorgan Nasdaq Equity Premium Income ETF NYSEARCAJEPQ pull from very different stock universes...,JPMorgan Equity Premium Income ETF NYSEARCAJEPI and JPMorgan Nasdaq Equity Premium Income ETF NYSEARCAJEPQ pull from very different stock universes. JEPI leans on SampP 500 names with a cover 2945 chars,24/7 Wall St.,2026-05-12 09:40:37+00:00,https://247wallst.com/investing/2026/05/12/why-jpmorgan-equity-premium-income-etf-limits-upside-while-jpmorgan-nasdaq-equity-premium-income-etf-sacrifices-growth-for-11-98-yields/,
AAPL,Jensen Huang skips Trumps China business delegation,"The Nvidia CEO is not on the list of US executives travelling to Beijing for the Trump-Xi summit. Apples Tim Cook and Teslas Elon Musk are among those attending the trips focus is reportedly agriculture, manufacturing, and aviation. NVIDIA CEO Jensen Huan",The Nvidia CEO is not on the list of US executives travelling to Beijing for the Trump-Xi summit. Apples Tim Cook and Teslas Elon Musk are among those attending the trips focus is reportedly agricul 3521 chars,The Next Web,2026-05-12 08:56:36+00:00,https://thenextweb.com/news/jensen-huang-skips-trumps-china-business-delegation/,
AAPL,Rare discount hits latest Philips Hue Bridge Pro at $79 today Stock running low,"Update 512 This rare discounts is still live, but the Crutchfield listing is now marked with a low stock warning. Deals on the latest Philips Hue Bridge Pro have been rare at best it was hard to even get at full price for a while there. While it is st","Update 512 This rare discounts is still live, but the Crutchfield listing is now marked with a low stock warning. Deals on the latest Philips Hue Bridge Pro have been rare at best it was hard to 2776 chars",9to5Toys,2026-05-12 08:48:00+00:00,http://9to5toys.com/2026/05/12/rare-deal-latest-philips-hue-bridge-pro/,
AAPL,HUYA Inc. Reports First Quarter 2026 Unaudited Financial Results,"GUANGZHOU, China, May 12, 2026 PRNewswire -- HUYA Inc. Huya or the Company NYSE HUYA, a leading game-related entertainment and services provider, today announced its unaudited financial results for the first quarter ended March 31, 2026. First Quar","GUANGZHOU, China, May 12, 2026 PRNewswire -- HUYA Inc. Huya or the Company NYSE HUYA, a leading game-related entertainment and services provider, today announced its unaudited financial re 39516 chars",PRNewswire,2026-05-12 08:30:00+00:00,https://www.prnewswire.com/news-releases/huya-inc-reports-first-quarter-2026-unaudited-financial-results-302769116.html,
AAPL,"Business Analyst Trainee by SysGears, 25 May",Date 25 May MondayPlace Online Required Skills Knowledge of the Business Analysis basicsStrong critical thinking skillsSuperb communication skillsGood organizational and leadership instinctsUpper-intermediate English level speaking and writin,Required Skills Knowledge of the Business Analysis basicsStrong critical thinking skillsSuperb communication skillsGood organizational and leadership instinctsUpper-intermediate English level speak 3275 chars,Dou.ua,2026-05-12 08:14:07+00:00,https://dou.ua/calendar/57331/,
AAPL,"Video Games Strategic Intelligence Report 2026 A $352 Billion Market by 2030 with Mobile Gaming Accounting for More Than Half of Revenue - Apple, Alphabet, and Valve Control Key Distribution Channels","Opportunities in the gaming software market include leveraging AI to lower production costs, adopting cross-platform and remake strategies for consistent returns, and aligning with platform operators like Apple and Valve to enhance distribution. Emphasis on a","Dublin, May 12, 2026 GLOBE NEWSWIRE -- The Strategic Intelligence Video Games report has been added to ResearchAndMarkets.coms offering. The gaming software market was worth $254 billion in 20 5962 chars",GlobeNewswire,2026-05-12 08:09:00+00:00,https://www.globenewswire.com/news-release/2026/05/12/3292544/28124/en/Video-Games-Strategic-Intelligence-Report-2026-A-352-Billion-Market-by-2030-with-Mobile-Gaming-Accounting-for-More-Than-Half-of-Revenue-Apple-Alphabet-and-Valve-Control-Key-Distrib.html,
AAPL,"As Trump and Xi meet in Beijing, the biggest win may be the summit itself","As U.S. President Donald Trump travels to Beijing to meet with Chinese President Xi Jinping, the expectations around the highly anticipated summit between the leaders of the worlds two largest economies are being tempered by the war against Iran, and as Chin","As U.S. President Donald Trump heads to Beijing for a highly anticipated summit with Chinese President Xi Jinping, expectations around the visit between the leaders of the worlds two largest economi 7616 chars",CBC News,2026-05-12 08:00:00+00:00,https://www.cbc.ca/news/world/trump-xi-china-visit-9.7195663,
AAPL,Intel Stock Surges 3.62% to $129.44 on Apple Deal Hopes and AI Momentum,"SANTA CLARA, Calif. Intel Corp. shares climbed sharply Monday, closing at $129.44, up $4.52 or 3.62%, as investor optimism swelled over a potential landmark manufacturing deal with Apple and continued strength in artificial intelligence-driven demand for it","SANTA CLARA, Calif. Intel Corp. shares climbed sharply Monday, closing at $129.44, up $4.52 or 3.62%, as investor optimism swelled over a potential landmark manufacturing deal with Apple and contin 6152 chars",Ibtimes.com.au,2026-05-12 07:54:24+00:00,https://www.ibtimes.com.au/intel-stock-surges-362-12944-apple-deal-hopes-ai-momentum-1868633,
AAPL,iOS 26.5 Latest Update 10 Game-Changing New Features Apple Just Dropped for iPhone,"CUPERTINO, Calif. Apple on Monday released iOS 26.5, rolling out the latest software update to hundreds of millions of iPhones worldwide with a focus on enhanced messaging security, smarter navigation and vibrant personalization options. The point release a","CUPERTINO, Calif. Apple on Monday released iOS 26.5, rolling out the latest software update to hundreds of millions of iPhones worldwide with a focus on enhanced messaging security, smarter navigat 6201 chars",Ibtimes.com.au,2026-05-12 07:33:11+00:00,https://www.ibtimes.com.au/ios-265-latest-update-10-game-changing-new-features-apple-just-dropped-iphone-1868622,
AAPL,NFC Chip Market Size to Worth USD 13.71 Billion by 2035 Research by SNS Insider,"Global NFC Chip Market Size, Share, Revenue Trends Segmentation, By Storage Capacity, Verticals, Application, End-Use Industry and Region Forecast 2035","Austin, May 12, 2026 GLOBE NEWSWIRE -- NFC Chip Market Size amp Growth Outlook According to the SNS Insider, The NFC Chip Market Size was valued at USD 3.58 Billion in 2025 and is expected to r 9173 chars",GlobeNewswire,2026-05-12 07:30:00+00:00,https://www.globenewswire.com/news-release/2026/05/12/3292509/0/en/NFC-Chip-Market-Size-to-Worth-USD-13-71-Billion-by-2035-Research-by-SNS-Insider.html,
AAPL,Got One UI 8.5 update? Check out these top ten features,"Samsung has finally released the stable One UI 8.5 update after beta-testing it for over five months. The new update is now hitting older eligible Galaxy devices worldwide. If the update has landed on your Galaxy phone or tablet, you are in for a treat. From",Samsung has finally released the stable One UI 8.5 update after beta-testing it for over five months. The new update is now hitting older eligible Galaxy devices worldwide. If the update has landed o 5287 chars,SamMobile,2026-05-12 07:14:45+00:00,https://www.sammobile.com/news/one-ui-8-5-update-top-features/,
AAPL,Uday Kotak puts Indias troubles in perspective as the economy swings between hope and despair in the wake of Iran war,CII Annual Summit Uday Kotak issued a rallying cry for India to gear up for looming global challenges. He stressed upon the importance of a proactive stance rather than a wait-and-see approach for India to successfully navigate the current global turmoil.,"India may have been too much and too long in a comfort zone and even a little paranoia will help the country find powerful, permanent fixes for Iran-like crises, banking industry doyen and business t 2623 chars",The Times of India,2026-05-12 06:38:02+00:00,https://economictimes.indiatimes.com/news/economy/policy/uday-kotak-puts-indias-troubles-in-perspective-as-the-economy-swings-between-hope-and-despair-in-the-wake-of-iran-war/articleshow/131030595.cms,
AAPL,CNBC Daily Open Can Starmer keep calm and carry on?,"U.K. Prime Minister Keir Starmer faces a crunch cabinet meeting this morning, after failing to quell a growing party rebellion.","Hello, this is Katie Foley writing to you from London, where Downing Street is dominating the agenda. U.K. Prime Minister Keir Starmer faces a crunch cabinet meeting this morning. His premiership se 2607 chars",CNBC,2026-05-12 06:31:09+00:00,https://www.cnbc.com/2026/05/12/cnbc-daily-open-can-starmer-keep-calm-and-carry-on.html,
AAPL,Forget iOS 27 for a MomentiPadOS 26.5 Just Changed the Game,"iPadOS 26.5 brings a robust set of updates aimed at enhancing the overall iPad experience. This mid-cycle release goes beyond routine bug fixes, focusing on improved customization, app functionality, and seamless accessory integration. Whether your iPad serve","iPadOS 26.5 brings a robust set of updates aimed at enhancing the overall iPad experience. This mid-cycle release goes beyond routine bug fixes, focusing on improved customization, app functionality, 5960 chars",Geeky Gadgets,2026-05-12 06:30:58+00:00,https://www.geeky-gadgets.com/ipados-26-5-new-features/,
AAPL,South Koreas radical AI dividend proposal A bold future or a market nightmare?,"South Korea is discussing sharing the wealth generated by artificial intelligence. A government official suggested distributing AI profits, causing a stir in the stock market. Companies like Samsung and SK Hynix are seeing huge profits from AI chips. This mov",A senior South Korean policy official has sparked intense debate and a dramatic stock market swing by floating the idea of paying citizens a share of the economic windfall generated by artificial int 4516 chars,The Times of India,2026-05-12 06:13:37+00:00,https://economictimes.indiatimes.com/markets/us-stocks/news/south-koreas-radical-ai-dividend-proposal-a-bold-future-or-a-market-nightmare/articleshow/131030253.cms,
AAPL,"Musk, Apples Cook, Boeing CEO going to China with Trump","Elon Musk, Apple CEO Tim Cook, GE Aerospaces Larry Culp and Boeing CEO Kelly Ortberg will join US President Donald Trump on his visit to China this week, a White House official told Reuters.","Elon Musk, Apple CEO Tim Cook, GE Aerospaces Larry Culp and Boeing CEO Kelly Ortberg will join US President Donald Trump on his visit to China this week, a White House official told Reuters. Others 2623 chars",RTE,2026-05-12 06:11:11+00:00,https://www.rte.ie/news/business/2026/0512/1572897-trump-trip-to-china/,
AAPL,PostgreSQL365,"Whether youre a developer, DBA, or data analyst, PostgreSQL365 allows you to effortlessly manage multiple PostgreSQL database servers anytime, anywhere. No complex...","Whether youre a developer, DBA, or data analyst, PostgreSQL365 allows you to effortlessly manage multiple PostgreSQL database servers anytime, anywhere. No complex setup requiredconnect to your dat 2223 chars",Giveawayoftheday.com,2026-05-12 05:26:56+00:00,https://iphone.giveawayoftheday.com/postgresql365/,
AAPL,"Apple-Intel Chip Deal Could Trigger €4.6 Billion Equipment Frenzy, With ASML Set to Cash In, Says BofA","A deal between Intel and Apple could lead to higher demand for chip manufacturing and bonding machines, suggests a report from Bank of America. Media reports have suggested that Apple and Intel have signed an agreement through which some of Apples chips woul","A deal between Intel and Apple could lead to higher demand for chip manufacturing and bonding machines, suggests a report from Bank of America. Media reports have suggested that Apple and Intel have 2301 chars",Wccftech,2026-05-12 05:09:51+00:00,https://wccftech.com/apple-intel-chip-deal-could-trigger-e4-6-billion-equipment-frenzy-with-asml-set-to-cash-in-says-bofa/,
AAPL,On Neutral Ground Why Content Licensing Needs Independent Settlement And Verifiable Payments,The content licensing economy has arrived faster than anyone expected. Microsoft and Amazon have both entered the marketplace business. Venture-backed startups like TollBit and ProRata have built infrastructure for publishers to license their content to LLMs.,The content licensing economy has arrived faster than anyone expected. Microsoft and Amazon have both entered the marketplace business. Venture-backed startups like TollBit and ProRata have built inf 6288 chars,AdExchanger,2026-05-12 04:35:10+00:00,http://www.adexchanger.com/data-driven-thinking/on-neutral-ground-why-content-licensing-needs-independent-settlement-and-verifiable-payments/,
AAPL,"Geopolitics, crude oil, and a weak rupee send markets into a cautious open","Geopolitical tensions and rising crude oil prices weigh on markets, leading to a cautious open amid weak investor sentiment.","Markets opened lower on Tuesday, extending a three-session losing streak, as a cocktail of geopolitical tension, elevated crude oil prices, and a weakening rupee continued to sap investor confidence. 6260 chars",BusinessLine,2026-05-12 04:20:09+00:00,https://www.thehindubusinessline.com/markets/stock-markets/geopolitics-crude-oil-and-a-weak-rupee-send-markets-into-a-cautious-open/article70968249.ece,
AAPL,Nvidia CEO Jensen Huang confirmed for Trump-Xi Beijing summit despite earlier reports,"Nvidias participation in the summit highlights the critical need for US-China tech trade clarity, impacting global market dynamics and investor sentiment. The post Nvidia CEO Jensen Huang confirmed for Trump-Xi Beijing summit despite earlier reports appeared",Huangs attendance at the May 14-15 summit carries major implications for Nvidias push to reclaim Chinas AI GPU market after years of export controls. Nvidia CEO Jensen Huang will attend the Trump- 2194 chars,Crypto Briefing,2026-05-12 03:59:28+00:00,https://cryptobriefing.com/nvidia-huang-trump-xi-beijing-summit/,
AAPL,Apples foldable iPhone Ultra may launch with just two color options,Supply chain sources suggest Apple will keep color choices minimal for its first folding smartphone,"Apples first foldable iPhone, expected to be called the iPhone Ultra, will likely launch with just two color options when it arrives in 2026. Multiple sources point to a deliberately restrained co 2612 chars",Intomobile.com,2026-05-12 03:55:20+00:00,https://www.intomobile.com/2026/05/11/apples-foldable-iphone-ultra-may-launch-with-just-two-color-options/,
AAPL,Legacies Are Built with Alloys,"Spring has a small. The formula presents itself when the faint smell of cherry blossoms mixes with fresh rain. You can smell the dew. Photo development has a smell. The formula presents itself as a cross between dust, must, photo chemicals, and the curious s",Spring has a small. The formula presents itself when the faint smell of cherry blossoms mixes with fresh rain. You can smell the dew. Photo development has a smell. The formula presents itself as a 16136 chars,Provideocoalition.com,2026-05-12 03:31:14+00:00,https://www.provideocoalition.com/legacies-are-built-with-alloys/,
AAPL,AI wins have Alphabet poised to become worlds biggest company,"Alphabet is rapidly closing in on Nvidia for the title of the worlds largest company. Alphabets strong presence in AI, from search to cloud and its own AI models, positions it for significant growth. Investors see Alphabets diversified business as a key ad","Over the past year, Alphabet has gone from an artificial intelligence afterthought to the one firm in the market with dominant positions in nearly every aspect of the technology. Now its on the brink 5258 chars",The Times of India,2026-05-12 03:15:58+00:00,https://economictimes.indiatimes.com/tech/technology/ai-wins-have-alphabet-poised-to-become-worlds-biggest-company/articleshow/131027505.cms,
AAPL,AI wins have Alphabet poised to become worlds biggest company,"Alphabet Inc. is rapidly closing in on Nvidia Corp. for the title of the worlds largest company. Alphabets strong presence in AI, from search to cloud and its own AI models, positions it for significant growth. Investors see Alphabets diversified business","Over the past year, Alphabet has gone from an artificial intelligence afterthought to the one firm in the market with dominant positions in nearly every aspect of the technology. Now its on the brink 5258 chars",The Times of India,2026-05-12 03:15:58+00:00,https://economictimes.indiatimes.com/tech/artificial-intelligence/ai-wins-have-alphabet-poised-to-become-worlds-biggest-company/articleshow/131027510.cms,
AAPL,Part Cinq Dresses to Flatter Your Silhouette And Style How to Build a Wardrobe to Love and Live in Every Day,"No matter how casual our everydays may be, having a dress, two, three, or even four that you can depend on for looking appropriate for the occasion, but also feel entirely yourself, is an absolute necessity. Nope, not a luxury. The tricky part often becomes",Thank you for reading TSLL. The first two posts are complimentary. You have 1 free post view remaining this month. Become a Member for as little as $4mo and enjoy unlimited reading of TSLL blog. No 22869 chars,Thesimplyluxuriouslife.com,2026-05-12 03:00:00+00:00,https://thesimplyluxuriouslife.com/wardrobep5/,
AAPL,Stripes New Zealand revenue jumps 26% after opening local office,"Tech giant continues its local surge, tax advocate has questions.",2025 $229.3m 2024 $181.7m2023 $132.8m2022 $112.6m2021 $89.1m2020 $62.9m2019 $31.2m2018 $16.0m Income tax expe 3801 chars,New Zealand Herald,2026-05-12 03:00:00+00:00,https://www.nzherald.co.nz/business/stripes-new-zealand-revenue-jumps-26-after-opening-local-office/premium/MSRPOWXJF5FVFOKKI6P3RAG7AI/,
AAPL,"CNBC Daily Open Iran ceasefire on life support, but market volatility alive and kicking","Despite claiming that Irans military is defeated and that Washington has all the cards in the conflict, Trump has yet to force Tehran to come to a deal.","Hello, this is Hui Jie writing to you from Singapore. Welcome to another edition of CNBCs Daily Open. After weeks of insisting that the Iran ceasefire remained intact despite both sides continuing 3371 chars",CNBC,2026-05-12 01:26:37+00:00,https://www.cnbc.com/2026/05/12/cnbc-daily-open-iran-ceasefire-life-support-us-china-summit-oil-prices.html,
AAPL,PancakeSwap X lists tokenized RWAs including AAPLX and NVDAX,"PancakeSwap Xs tokenized RWAs on BNB Chain could redefine DeFis role in traditional finance, enhancing accessibility and liquidity. The post PancakeSwap X lists tokenized RWAs including AAPLX and NVDAX appeared first on Crypto Briefing.","The BNB Chain-based perpetual trading platform now offers over 60 tokenized real-world assets, letting DeFi traders go long or short on Apple, NVIDIA, and dozens more with up to 25x leverage. You can 2245 chars",Crypto Briefing,2026-05-12 01:22:47+00:00,https://cryptobriefing.com/pancakeswap-x-tokenized-rwa-stocks/,
AAPL,Mamdanis big NYC budget will include placeholder funding because of Dem-fueled delays,"Hes being placeholder-ed in an awkward position. Mayor Zohran Mamdani could be forced to release his executive budget Tuesday with placeholder estimates on key sources of revenue, after he tried to rely on dysfunction-riddled Albany to reach a deal on its","Skip to comments. Mamdanis big NYC budget will include placeholder funding because of Dem-fueled delaysNY Post 51126 Vaughn Golden, Matthew Fischetti, Matt Troutman Posted on 05112026 3031 chars",Freerepublic.com,2026-05-12 00:36:29+00:00,https://freerepublic.com/focus/f-chat/4378789/posts,
