date,open,high,low,close,volume,dividends,stock_splits,ticker,price_ma5,price_ma20,ma_crossover,volume_change_pct,rsi_14,daily_return,price_direction
2025-05-13 00:00:00-04:00,209.59847136477597,212.55673652410627,208.17412935394688,212.08859252929688,51909300,0.0,0.0,AAPL,212.08859252929688,212.08859252929688,0,0.0,100.0,0.0,0
2025-05-14 00:00:00-04:00,211.59057778761635,213.09462076548897,209.74789716231066,211.49098205566406,49325800,0.0,0.0,AAPL,211.78978729248047,211.78978729248047,0,-4.976950180410833,0.0,-0.28177398251642005,0
2025-05-15 00:00:00-04:00,210.11643191755599,212.11849916658366,208.71199985896817,210.6144561767578,45029500,0.0,0.0,AAPL,211.39801025390625,211.39801025390625,0,-8.710046263821368,0.0,-0.41445071103577424,0
2025-05-16 00:00:00-04:00,211.52086084946143,211.73003772257164,208.94109887256835,210.42520141601562,54737900,0.0,0.0,AAPL,211.1548080444336,211.1548080444336,0,21.560088386502187,0.0,-0.08985839062412015,0
2025-05-19 00:00:00-04:00,207.0884445111699,208.65223273202483,203.45285841572866,207.9550018310547,46140500,0.0,0.0,AAPL,210.5148468017578,210.5148468017578,0,-15.70648490351292,0.0,-1.1739086232724016,0
2025-05-20 00:00:00-04:00,206.84938410987283,207.64622592622177,204.2198167548668,206.04258728027344,42496600,0.0,0.0,AAPL,209.30564575195314,209.76947021484375,0,-7.8974003315958825,0.0,-0.9196290225973569,0
2025-05-21 00:00:00-04:00,204.35927415345975,206.2218800326306,199.91690624087693,201.29144287109375,59211800,0.0,0.0,AAPL,207.26573791503907,208.5583234514509,0,39.33302899526079,0.0,-2.3059040715290857,0
2025-05-22 00:00:00-04:00,199.91689038506837,201.94882252859867,198.91087172706415,200.56431579589844,46742400,0.0,0.0,AAPL,205.25570983886718,207.55907249450684,0,-21.05897810909312,0.0,-0.36123099165271677,0
2025-05-23 00:00:00-04:00,192.9046989896,196.91877297523902,192.6955373289648,194.49838256835938,78432900,0.0,0.0,AAPL,202.07034606933593,206.1078847249349,0,67.79818751283631,0.0,-3.0244329373685708,1
2025-05-27 00:00:00-04:00,197.51641281084125,199.94677348688452,196.64984031499387,199.4188690185547,56288500,0.0,0.0,AAPL,200.36311950683594,205.43898315429686,0,-28.23356015141605,21.858437252797984,2.5298341226390075,1
2025-05-28 00:00:00-04:00,199.79736291846774,201.9289060786693,199.11008702875665,199.62803649902344,45339700,0.0,0.0,AAPL,199.08020935058593,204.91071527654475,0,-19.45122005382982,22.5778374163599,0.10488851004830657,0
2025-05-29 00:00:00-04:00,202.775557811137,203.00464471322186,197.72558456215265,199.15989685058594,51396800,0.0,0.0,AAPL,198.65390014648438,204.43148040771484,0,13.359373793827478,22.122016334035024,-0.23450596251283207,1
2025-05-30 00:00:00-04:00,198.58218796001185,201.16196516975768,196.00242594876025,200.0563507080078,70819900,0.0,0.0,AAPL,198.55230712890625,204.09493196927585,0,37.79048501073996,25.020733033916017,0.4501176550088415,1
2025-06-02 00:00:00-04:00,199.4885975362889,201.3312933884623,199.3292261245183,200.90298461914062,35423300,0.0,0.0,AAPL,199.8332275390625,203.86693572998047,0,-49.98114936620921,27.56695089737093,0.4231977181111901,1
2025-06-03 00:00:00-04:00,200.55437033168948,202.96480586317466,200.16591202699755,202.46678161621094,46381600,0.0,0.0,AAPL,200.44281005859375,203.77359212239583,0,30.935288355404488,31.84213724156558,0.7783841539412029,0
2025-06-04 00:00:00-04:00,202.10818013514051,205.42502305946414,201.30138338029005,202.01853942871094,43604000,0.0,0.0,AAPL,200.92091064453126,203.66390132904053,0,-5.988581678941651,32.0226690914988,-0.2213904838719083,0
2025-06-05 00:00:00-04:00,202.69585814733983,203.94091870107042,199.35908978394463,199.8372039794922,55126100,0.0,0.0,AAPL,201.0563720703125,203.43880148494944,0,26.42441060453169,30.51153031965265,-1.0797699336839828,1
2025-06-06 00:00:00-04:00,202.19783403313102,204.8871617909174,201.2515910514923,203.11419677734375,46607700,0.0,0.0,AAPL,201.66794128417968,203.42076789008246,0,-15.45257146796164,38.10757278661669,1.6398311888850658,0
2025-06-09 00:00:00-04:00,203.58234611432158,205.18598475848052,199.22961916524454,200.65396118164062,72862600,0.0,0.0,AAPL,201.61813659667968,203.275146484375,0,56.33167910023451,38.11992966520459,-1.2112573294913775,1
2025-06-10 00:00:00-04:00,199.8073282051838,203.54250994980842,199.77744796710627,201.869140625,54672600,0.0,0.0,AAPL,201.4986083984375,203.20484619140626,0,-24.964796754439178,43.05140533803363,0.6056094961710334,0
2025-06-11 00:00:00-04:00,202.69585666840098,203.69190510411792,197.62597377823997,197.9945068359375,60989900,0.0,0.0,AAPL,200.6938018798828,202.5001419067383,0,11.55478246873205,44.345723467283555,-1.9193789486923962,1
2025-06-12 00:00:00-04:00,198.29333609984755,198.890956077424,196.58013147350607,198.41285705566406,43904600,0.0,0.0,AAPL,200.4089324951172,201.8462356567383,0,-28.013326796731917,46.27073079901652,0.21129385173963566,0
2025-06-13 00:00:00-04:00,198.94075911963023,199.57822954037988,194.92668495173118,195.67372131347656,51447300,0.0,0.0,AAPL,198.92083740234375,201.0991989135742,0,17.17974881903035,52.302889442053,-1.3805233102505254,1
2025-06-16 00:00:00-04:00,196.52037110088898,197.90487790098294,195.78328974313985,197.6359405517578,43020700,0.0,0.0,AAPL,198.31723327636718,200.45973587036133,0,-16.37909083664254,46.048564583916686,1.0028016154186137,0
2025-06-17 00:00:00-04:00,196.42074594971083,197.60604600468164,194.43861931524052,194.86691284179688,38856200,0.0,0.0,AAPL,196.91678771972656,199.80533142089843,0,-9.680223706262336,40.5233831969964,-1.4010749776737996,1
2025-06-18 00:00:00-04:00,195.16573699325735,196.7893008408277,194.2991796996429,195.80320739746094,45394700,0.0,0.0,AAPL,196.47852783203126,199.29336242675782,0,16.827430371472254,43.44102756757724,0.4804789802485221,1
2025-06-20 00:00:00-04:00,197.45666110928434,200.90298042554332,196.08210930882012,200.20574951171875,96813500,0.0,0.0,AAPL,196.83710632324218,199.23907775878905,0,113.27049192967462,50.25674644485759,2.2484525012509637,1
2025-06-23 00:00:00-04:00,200.83325703321927,201.50060768152076,198.17380945321412,200.70376586914062,55814300,0.0,0.0,AAPL,197.843115234375,199.24605026245118,0,-42.34863939429935,49.65348442431596,0.24875227541492073,0
2025-06-24 00:00:00-04:00,201.78945874554142,202.63610603642124,199.4089034764897,199.50851440429688,54064000,0.0,0.0,AAPL,198.2176300048828,199.49655685424804,0,-3.1359346977387514,44.787645618082045,-0.5955301634066323,1
2025-06-25 00:00:00-04:00,200.65395335177794,202.8651820841085,199.82723133036671,200.76351928710938,39525700,0.0,0.0,AAPL,199.3969512939453,199.56378936767578,0,-26.890907073098546,47.849830886162785,0.629048282254896,0
2025-06-26 00:00:00-04:00,200.63404307360597,201.8392684520338,198.67184150130464,200.20574951171875,50799100,0.0,0.0,AAPL,200.27745971679687,199.59267501831056,1,28.521696010443833,50.66860811143746,-0.27782426676480343,1
2025-06-27 00:00:00-04:00,201.09224306842364,202.41698947637084,199.20971189891864,200.2854461669922,73188600,0.0,0.0,AAPL,200.29339904785155,199.64895248413086,1,44.07459974684591,44.19466178820138,0.039807375895950514,1
2025-06-30 00:00:00-04:00,201.21175129212304,206.570497066428,198.47261792694385,204.35926818847656,91912800,0.0,0.0,AAPL,201.02449951171874,199.8640983581543,1,25.583492511128792,57.13191476863884,2.0340080117892123,1
2025-07-01 00:00:00-04:00,205.85332972802502,209.35942450018746,205.3254252695324,206.99879455566406,78788900,0.0,0.0,AAPL,202.52255554199218,200.16888885498048,1,-14.278642365372395,59.360241367078544,1.2916107943551136,1
2025-07-02 00:00:00-04:00,208.08449026524102,212.49697770796604,207.31752868499885,211.6005401611328,67941800,0.0,0.0,AAPL,204.68995971679686,200.62557678222657,1,-13.767294631604198,74.1855775912528,2.223078455769123,1
2025-07-03 00:00:00-04:00,211.31166931275297,213.8017903991559,210.97301649264048,212.70614624023438,34955800,0.0,0.0,AAPL,207.1900390625,201.15995712280272,1,-48.550376940263575,74.80125371797065,0.5224968132215846,0
2025-07-07 00:00:00-04:00,211.8395692407974,215.37554414763466,207.97491173225177,209.120361328125,50229000,0.0,0.0,AAPL,208.95702209472657,201.62411499023438,1,43.692892166679066,72.66620677805848,-1.6857928064098027,1
2025-07-08 00:00:00-04:00,209.26980118177752,210.59453234535175,207.62631199643187,209.18014526367188,42848900,0.0,0.0,AAPL,209.92119750976562,201.9274124145508,1,-14.692906488283663,70.79297147044063,0.028588290096287494,1
2025-07-09 00:00:00-04:00,208.7020406311003,210.49493096772343,206.40117103180637,210.30567932128906,48749400,0.0,0.0,AAPL,210.58257446289062,202.4099983215332,1,13.770481856010308,79.55763240967467,0.5380692590104319,1
2025-07-10 00:00:00-04:00,209.67816220166208,212.63642743345136,209.2000631819418,211.57066345214844,44443600,0.0,0.0,AAPL,210.57659912109375,202.89507446289062,1,-8.832518964335968,79.81171354979274,0.6014978458697806,0
2025-07-11 00:00:00-04:00,209.73792710960444,211.29176024279,209.03072603053,210.32559204101562,39765800,0.0,0.0,AAPL,210.10048828125,203.51162872314453,1,-10.525249979749617,71.7279658440442,-0.5884896283904761,0
2025-07-14 00:00:00-04:00,209.10044482334126,210.07658325197187,206.71988962428105,207.79562377929688,38840100,0.0,0.0,AAPL,209.83554077148438,203.98076705932618,1,-2.327879735853422,64.004707890236,-1.2028817972971062,1
2025-07-15 00:00:00-04:00,208.39327261019983,211.05272033528996,208.09445501444372,208.28370666503906,42296300,0.0,0.0,AAPL,209.6562530517578,204.61126632690429,1,8.898535276685692,67.82678455074623,0.2348860273691855,1
2025-07-16 00:00:00-04:00,209.4689902412225,211.5606828488181,207.8155461810567,209.3295440673828,47490500,0.0,0.0,AAPL,209.46102600097657,205.19594650268556,1,12.280506805559831,67.55101798361648,0.5021215625020892,0
2025-07-17 00:00:00-04:00,209.7379236663323,210.96305897069354,208.761785269157,209.19009399414062,48068100,0.0,0.0,AAPL,208.984912109375,205.91210556030273,1,1.2162432486497288,68.72917294897682,-0.06661748290881508,1
2025-07-18 00:00:00-04:00,210.0367321724359,210.95309492429405,208.87135730762196,210.3455047607422,48974600,0.0,0.0,AAPL,208.9888946533203,206.63922042846679,1,1.8858660941456051,70.07145762348603,0.5523257552692451,1
2025-07-21 00:00:00-04:00,211.26189276464606,214.92734394651046,210.79374875413163,211.640380859375,51377400,0.0,0.0,AAPL,209.75784606933593,207.2109519958496,1,4.906216691917842,66.338800658243,0.615594851958301,1
2025-07-22 00:00:00-04:00,212.29776458434165,214.1006098348481,211.39135685335447,213.5527801513672,46404100,0.0,0.0,AAPL,210.81166076660156,207.85340270996093,1,-9.679937092963053,65.20326377355767,0.9036079429770583,0
2025-07-23 00:00:00-04:00,214.15043456376964,214.29983576430007,211.5706725113145,213.3037872314453,46989300,0.0,0.0,AAPL,211.60650939941405,208.54316635131835,1,1.2610954635474014,54.95078663326639,-0.11659549444656969,0
2025-07-24 00:00:00-04:00,213.05475989741393,214.83769515517375,212.68622683006964,212.91531372070312,46022600,0.0,0.0,AAPL,212.35155334472657,209.15075607299804,1,-2.057276869414948,50.63443107620022,-0.18212218160039706,1
2025-07-25 00:00:00-04:00,213.85160291428238,214.38947759784276,212.5567368669443,213.03485107421875,40268800,0.0,0.0,AAPL,212.88942260742186,209.79221115112304,1,-12.50211852437716,65.0344478383073,0.05614314509685414,1
2025-07-28 00:00:00-04:00,213.18426788884761,214.00103498726418,212.21809958876685,213.20419311523438,37858000,0.0,0.0,AAPL,213.20218505859376,210.43814849853516,1,-5.986768912905271,65.32624942756121,0.0794902994330382,0
2025-07-29 00:00:00-04:00,213.33365491441555,213.96117031669576,209.9869466315705,210.43516540527344,51411700,0.0,0.0,AAPL,212.578662109375,210.741943359375,1,35.80141581700036,50.43829837345128,-1.298767941428014,0
2025-07-30 00:00:00-04:00,211.06265157316113,211.55072076453234,206.89917652304968,208.2239227294922,45512500,0.0,0.0,AAPL,211.56268920898438,210.8031997680664,1,-11.474430917475987,39.35360109351155,-1.0507952278425825,0
2025-07-31 00:00:00-04:00,207.66614913739534,209.01080544085684,206.3414028602417,206.74978637695312,80698400,0.0,0.0,AAPL,210.32958374023437,210.56066207885743,0,77.310409228234,38.78831256315257,-0.7079572477626139,0
2025-08-01 00:00:00-04:00,210.03673342752194,212.73603143542957,200.7037642416869,201.58029174804688,104434500,0.0,0.0,AAPL,208.038671875,210.00436935424804,0,29.413346485184345,33.279806119835285,-2.5003627425670194,1
2025-08-04 00:00:00-04:00,203.70186769022786,207.0585613783641,200.88304868853191,202.5464630126953,75109300,0.0,0.0,AAPL,205.9071258544922,209.67567443847656,0,-28.079992722711367,34.95298558352623,0.4792984751981866,0
2025-08-05 00:00:00-04:00,202.59624780213056,204.52858421879685,201.36115745633876,202.11814880371094,44155100,0.0,0.0,AAPL,204.24372253417968,209.32257461547852,0,-41.21220674403836,30.453606234914403,-0.21146466969286237,1
2025-08-06 00:00:00-04:00,204.81744899810374,214.52892145014,204.77759854868273,212.40733337402344,108483100,0.0,0.0,AAPL,205.08040466308594,209.42765731811522,0,145.68645524526045,55.62521243450881,5.090678215297206,1
2025-08-07 00:00:00-04:00,218.01508808955717,219.97730473834642,215.7241736307253,219.16053771972656,90224800,0.0,0.0,AAPL,207.56255493164062,209.80715103149413,0,-16.830547799611185,62.88958680282236,3.1793649675039948,1
2025-08-08 00:00:00-04:00,219.95737356583322,230.08718413442585,218.3836152444713,228.44371032714844,113854000,0.0,0.0,AAPL,212.93523864746095,210.7130569458008,1,26.189251735664687,69.91732637362836,4.235786562676558,0
2025-08-11 00:00:00-04:00,227.27701087414155,228.91238364576833,224.12592192869855,226.53909301757812,61806100,0.26,0.0,AAPL,217.7337646484375,211.65023040771484,1,-45.71459939923059,65.39577962897638,-0.833735937331237,1
2025-08-12 00:00:00-04:00,227.36674823663387,230.14888579943394,226.429412881848,229.0021209716797,55626200,0.0,0.0,AAPL,223.11055908203124,212.68615112304687,1,-9.998851246074414,67.68270590572808,1.0872419065924621,1
2025-08-13 00:00:00-04:00,230.4181341091737,234.33703985510917,229.77992501054072,232.6717529296875,69878500,0.0,0.0,AAPL,227.16344299316407,213.8532615661621,1,25.62155962478112,70.72204289992536,1.6024445286520361,0
2025-08-14 00:00:00-04:00,233.39967872378062,234.4566858681212,230.1987431425788,232.123291015625,51916300,0.0,0.0,AAPL,229.75599365234376,214.99992141723632,1,-25.704902080038927,69.84285350822817,-0.23572346327241922,0
2025-08-15 00:00:00-04:00,233.33985018068216,233.6190590405621,228.69299310222902,230.9366455078125,56038700,0.0,0.0,AAPL,230.25458068847655,216.02947845458985,1,7.940473415863614,68.0514823752799,-0.5112134601489071,0
2025-08-18 00:00:00-04:00,231.04634466466607,232.46233685580373,229.46083388892833,230.23863220214844,37476200,0.0,0.0,AAPL,230.99448852539064,216.95939102172852,1,-33.1244300813545,71.0472235970734,-0.3022531587090427,0
2025-08-19 00:00:00-04:00,230.62753117126795,232.2130419457167,228.70298322789472,229.90956115722656,39402600,0.0,0.0,AAPL,231.1759765625,217.7772300720215,1,5.1403290621781395,74.00811267742681,-0.14292607707683258,0
2025-08-20 00:00:00-04:00,229.33119207499826,229.81981519856654,225.13307755654054,225.3723907470703,42263900,0.0,0.0,AAPL,229.71610412597656,218.38066024780272,1,7.2617035424058285,69.30756694006837,-1.9734587754066668,0
2025-08-21 00:00:00-04:00,225.6316789169631,225.88097364743615,223.14869792378403,224.26553344726562,30621200,0.0,0.0,AAPL,228.1445526123047,218.94817123413085,1,-27.54762338544242,75.68322172323414,-0.49112373353970007,1
2025-08-22 00:00:00-04:00,225.53195134940427,228.44371192910324,224.77410085849388,227.11746215820312,42477800,0.0,0.0,AAPL,227.3807159423828,219.65230178833008,1,38.72023304116104,76.6790141579191,1.2716749948596506,0
2025-08-25 00:00:00-04:00,225.84106025439092,228.6531118971015,225.59176554347297,226.51914978027344,30983100,0.0,0.0,AAPL,226.6368194580078,220.31804962158202,1,-27.060488066707787,76.3969827944806,-0.26343741790885167,1
2025-08-26 00:00:00-04:00,226.22996704217394,228.84258604761433,224.05612439304167,228.6630859375,54575100,0.0,0.0,AAPL,226.3875244140625,221.22944564819335,1,76.14473696950918,71.34754797270462,0.9464701590599311,1
2025-08-27 00:00:00-04:00,227.96506627689797,230.24859923631865,227.6160475796746,229.8397674560547,31259500,0.0,0.0,AAPL,227.28099975585937,222.31023788452148,1,-42.722047233994985,66.4308339257324,0.5145918125483151,1
2025-08-28 00:00:00-04:00,230.16884905542523,232.75153884501827,228.69301327644948,231.9039306640625,38074700,0.0,0.0,AAPL,228.80867919921874,223.56794509887695,1,21.80201218829476,56.84419126998834,0.8980879291928812,0
2025-08-29 00:00:00-04:00,231.85405874294378,232.7216147258446,230.71727541448905,231.485107421875,39418400,0.0,0.0,AAPL,229.6822082519531,225.06318588256835,1,3.529115134196714,60.39396388076548,-0.18060204541949787,0
2025-09-02 00:00:00-04:00,228.6032698757151,230.19876225122124,226.32970313085187,229.0719451904297,44075600,0.0,0.0,AAPL,230.19276733398436,226.38945999145508,1,11.814787003023962,50.14704256779511,-1.042469754672981,1
2025-09-03 00:00:00-04:00,236.5408165177042,238.17618932549604,233.69885053091846,237.79725646972656,66427800,0.0,0.0,AAPL,232.01960144042968,228.17341537475585,1,50.71331984136347,58.8988953241624,3.8089829254487784,1
2025-09-04 00:00:00-04:00,237.77729643117493,239.2232027368954,236.0721290991865,239.10354614257812,47549400,0.0,0.0,AAPL,233.8723571777344,229.5082260131836,1,-28.419426806246783,61.80837849753693,0.5493291605817463,0
2025-09-05 00:00:00-04:00,239.32291694518142,240.63920029193574,237.81718240373485,239.0137939453125,54870400,0.0,0.0,AAPL,235.29432983398436,230.5008888244629,1,15.396619095088472,64.19061508106716,-0.03753695782166,0
2025-09-08 00:00:00-04:00,238.62490021245955,239.47249309970456,235.67324414176576,237.2089080810547,48999500,0.0,0.0,AAPL,236.4390899658203,230.93914871215821,1,-10.699575727532517,61.787516901830045,-0.7551387869566994,0
2025-09-09 00:00:00-04:00,236.33139119913957,238.1063683630383,232.70166073618753,233.68887329101562,66313900,0.0,0.0,AAPL,237.3624755859375,231.29663772583007,1,35.33587077419158,55.76865477321183,-1.4839387013392713,0
2025-09-10 00:00:00-04:00,231.53496736029473,231.76431424305812,225.31256565050364,226.1501922607422,83440800,0.0,0.0,AAPL,235.03306274414064,231.1540412902832,1,25.82701364269029,51.08756598065279,-3.2259477843797124,1
2025-09-11 00:00:00-04:00,226.23995033725743,229.7998710451417,226.010588238333,229.3810577392578,50208600,0.0,0.0,AAPL,233.08856506347655,230.98950653076173,1,-39.82727874133517,56.75177196982787,1.4286370691166894,1
2025-09-12 00:00:00-04:00,228.5733443098202,233.84841389514688,228.3739115767776,233.40966796875,55824200,0.0,0.0,AAPL,231.96773986816407,231.05382537841797,1,11.184538107017516,58.05464012088426,1.756295951024689,1
2025-09-15 00:00:00-04:00,236.33138325533858,237.5180285002954,234.3669397384463,236.0322265625,42699500,0.0,0.0,AAPL,231.73240356445314,231.30860443115233,1,-23.51077131423289,61.577662105171285,1.1235861035975292,1
2025-09-16 00:00:00-04:00,236.51088466190768,240.53949594661788,235.65332541334,237.4781494140625,63421100,0.0,0.0,AAPL,232.4902587890625,231.67058029174805,1,48.528905490696616,60.91358360536815,0.6125955224930424,1
2025-09-17 00:00:00-04:00,238.2958480596019,239.42266510979977,237.05934071942244,238.3157958984375,46508000,0.0,0.0,AAPL,234.92337951660156,232.09089202880858,1,-26.66793858826163,60.58267838343365,0.3527257082143187,0
2025-09-18 00:00:00-04:00,239.2930082114909,240.51953392817583,235.98236714862816,237.2089080810547,44249600,0.0,0.0,AAPL,236.48894958496095,232.6827178955078,1,-4.8559387632235325,56.78569267672874,-0.4644626316983702,1
2025-09-19 00:00:00-04:00,240.5494606794321,245.60516498271895,239.53234916144805,244.8074188232422,163741300,0.0,0.0,AAPL,238.76849975585938,233.70981216430664,1,270.04018115417995,64.39654743126735,3.203299068174581,1
2025-09-22 00:00:00-04:00,247.5995237986898,255.9160073848096,247.42002368458668,255.35755920410156,105517400,0.0,0.0,AAPL,242.6335662841797,235.12181701660157,1,-35.55846936600601,74.1568640869115,4.309567263758818,0
2025-09-23 00:00:00-04:00,255.15814081026073,256.6140134777918,252.86462630601793,253.71221923828125,60275200,0.0,0.0,AAPL,245.88038024902343,236.48147048950196,1,-42.87653031632698,66.8141406032116,-0.6443278871197333,0
2025-09-24 00:00:00-04:00,254.49999981420794,255.01853710208397,250.33178410429736,251.59820556640625,42303700,0.0,0.0,AAPL,248.5368621826172,237.62822647094725,1,-29.815745115735826,62.97907750832144,-0.8332328960039437,1
2025-09-25 00:00:00-04:00,252.49566170312627,256.4444966190252,250.99989343760635,256.14532470703125,55202100,0.0,0.0,AAPL,252.3241455078125,238.9435043334961,1,30.490004420417115,66.28744467765213,1.8072939472633998,0
2025-09-26 00:00:00-04:00,253.38315498635407,256.87328100426123,253.06405044687503,254.73931884765625,46076300,0.0,0.0,AAPL,254.3105255126953,240.08527374267578,1,-16.53161745658227,66.79404656134217,-0.54890943685314,0
2025-09-29 00:00:00-04:00,253.84185736381545,254.28061851263055,252.29622703166862,253.71221923828125,40127700,0.0,0.0,AAPL,253.98145751953126,241.1966293334961,1,-12.910324830769838,70.14445365509195,-0.4031963397017835,1
2025-09-30 00:00:00-04:00,254.1410137555297,255.1980209495745,252.39595068950493,253.9116668701172,37704300,0.0,0.0,AAPL,254.02134704589844,242.43861541748046,1,-6.039219790817818,82.76837135047671,0.07861175643599783,1
2025-10-01 00:00:00-04:00,254.32049261064776,258.0599285933123,254.21080232618834,254.72933959960938,48713900,0.0,0.0,AAPL,254.64757385253907,243.28521957397462,1,29.199852536713312,81.72741041228588,0.32203038937570483,1
2025-10-02 00:00:00-04:00,255.85613542550084,257.45162766856953,253.43299812845933,256.40460205078125,42630200,0.0,0.0,AAPL,254.69942932128907,244.15027236938477,1,-12.488632607941474,80.58355278325274,0.6576637201686664,1
2025-10-03 00:00:00-04:00,253.9515436206674,258.5086431914624,253.23357360959045,257.2920837402344,49155600,0.0,0.0,AAPL,255.2099822998047,245.06418685913087,1,15.306988942111467,79.64405500194465,0.34612549164674267,0
2025-10-06 00:00:00-04:00,257.2621558739689,258.33912604890287,254.3304629034206,255.96583557128906,44664100,0.0,0.0,AAPL,255.66070556640625,246.00203323364258,1,-9.137310906590502,75.86495162845944,-0.5154640398047805,0
2025-10-07 00:00:00-04:00,256.0855101139428,256.6738420114173,254.70939836699205,255.75645446777344,31955800,0.0,0.0,AAPL,256.0296630859375,247.10541229248048,1,-28.453052899308396,74.83673466726988,-0.08180041021814688,1
2025-10-08 00:00:00-04:00,255.79633660873378,257.7906945345413,255.38748958216482,257.3320007324219,36496900,0.0,0.0,AAPL,256.5501953125,248.66450271606445,1,14.210565844072121,78.27923814278111,0.6160338232429563,0
2025-10-09 00:00:00-04:00,257.08267167133846,257.27213808351553,252.42584836214985,253.32330322265625,38322000,0.0,0.0,AAPL,255.933935546875,249.8616149902344,1,5.000698689477745,63.31045509551573,-1.5577920734133444,0
2025-10-10 00:00:00-04:00,254.2207817432353,255.6567217403356,243.3116425485481,244.57806396484375,61999100,0.0,0.0,AAPL,253.39113159179686,250.42003479003907,1,61.784614581702414,32.144021636103986,-3.452204809648307,1
2025-10-13 00:00:00-04:00,248.67648318296307,248.98560621270488,244.86725241658198,246.96133422851562,38142900,0.0,0.0,AAPL,251.5902313232422,250.96649017333985,1,-38.478300491458754,39.08418108535945,0.9744415443628807,1
2025-10-14 00:00:00-04:00,245.90431694508948,248.14796941642882,244.00966795095763,247.07101440429688,35478000,0.0,0.0,AAPL,249.85314331054687,251.44613342285157,0,-6.986621363346779,42.17240578731308,0.04441188177246591,1
2025-10-15 00:00:00-04:00,248.78616738422895,251.10959602979932,246.77186176083558,248.63658142089844,33893600,0.0,0.0,AAPL,248.1140594482422,251.9621726989746,0,-4.465866170584587,35.524811725745835,0.6336506208048043,0
2025-10-16 00:00:00-04:00,247.54966879270205,248.33743345063007,244.43847540742667,246.75192260742188,39777000,0.0,0.0,AAPL,246.7997833251953,252.43932342529297,0,17.35843935138197,34.88109060451144,-0.7579973963228515,1
2025-10-17 00:00:00-04:00,247.3203043073955,252.66518358811555,246.57242016484557,251.5782470703125,49147000,0.0,0.0,AAPL,248.19981994628907,252.7778648376465,0,23.556326520350957,46.46862639737876,1.9559419889786378,1
2025-10-20 00:00:00-04:00,255.168106265739,263.63416054313814,254.90884523128253,261.50018310546875,90483000,0.0,0.0,AAPL,251.1075897216797,253.08499603271486,0,84.10686308421673,59.500616854945285,3.9438767662544505,1
2025-10-21 00:00:00-04:00,261.1411827196178,264.5415659974475,261.0913055219307,262.0286560058594,46695900,0.0,0.0,AAPL,254.0991180419922,253.50081787109374,1,-48.39262623918306,59.20520513740227,0.202092745830873,0
2025-10-22 00:00:00-04:00,261.9090191460537,262.1084670888602,254.70938662410154,257.72088623046875,45015300,0.0,0.0,AAPL,255.91597900390624,253.80695190429688,1,-3.599031178326151,51.55661739230858,-1.6440071254245958,1
2025-10-23 00:00:00-04:00,259.2066564378435,259.8847307097371,257.2821086816683,258.84765625,32754900,0.0,0.0,AAPL,258.3351257324219,253.94206848144532,1,-27.23607306849005,51.829243347178355,0.43720555055193344,1
2025-10-24 00:00:00-04:00,260.4531761824355,263.3848847726989,258.4488367256365,262.0785827636719,38253700,0.0,0.0,AAPL,260.43519287109376,254.30903167724608,1,16.787717257570623,56.879968207593144,1.2481961631328753,1
2025-10-27 00:00:00-04:00,264.13276036080543,268.36078929414754,263.90339825112477,268.0516662597656,44888200,0.0,0.0,AAPL,261.7454895019531,255.0260040283203,1,17.343420375022546,62.249169001893215,2.2791192752595,1
2025-10-28 00:00:00-04:00,268.23113785786586,269.12862319727753,267.39351124836816,268.2411193847656,41534800,0.0,0.0,AAPL,262.98798217773435,255.74247665405272,1,-7.470560191765319,61.17695209734739,0.07067783895675639,1
2025-10-29 00:00:00-04:00,268.5203194424725,270.6443152614699,266.35642794866993,268.93914794921875,51086700,0.0,0.0,AAPL,265.23163452148435,256.4529670715332,1,22.99734198792338,67.1635958689301,0.26022429598195895,1
2025-10-30 00:00:00-04:00,271.2226702585742,273.36662916750566,267.72259312931254,270.63433837890625,69886500,0.0,0.0,AAPL,267.58897094726564,257.16445388793943,1,36.799793292579096,83.89113865162955,0.6303249053230431,0
2025-10-31 00:00:00-04:00,276.2085891024436,276.53767519933945,268.40069127196034,269.6072692871094,86167100,0.0,0.0,AAPL,269.09470825195314,257.7802131652832,1,23.29577243101315,80.53253006297734,-0.37950435186790976,0
2025-11-03 00:00:00-05:00,269.65711516237894,270.08589475979994,265.49886601188945,268.29095458984375,50194600,0.0,0.0,AAPL,269.14256591796874,258.39646911621094,1,-41.747372256928685,77.70837417851376,-0.48823412690103263,1
2025-11-04 00:00:00-05:00,267.5730004152706,270.72408938596277,266.86501191822913,269.2781982421875,49274800,0.0,0.0,AAPL,269.3499816894531,259.07255630493165,1,-1.832468034410073,77.36653753173584,0.3679750045442409,1
2025-11-05 00:00:00-05:00,267.8522167164328,270.9335263776032,266.17696342424256,269.3779296875,43683100,0.0,0.0,AAPL,269.4377380371094,259.6748527526855,1,-11.347991265312086,81.48771042870163,0.037036583712879434,0
2025-11-06 00:00:00-05:00,267.1342708755924,272.6287059365568,267.1342708755924,269.0089416503906,51204000,0.0,0.0,AAPL,269.11265869140624,260.4591346740723,1,17.216955756345122,77.69328411108557,-0.13697782796735503,0
2025-11-07 00:00:00-05:00,269.03885049148494,271.5218466038475,266.0173996929098,267.7126159667969,48227400,0.0,0.0,AAPL,268.7337280273438,261.6158622741699,1,-5.813217717365826,63.596701563057294,-0.4818894404181151,1
2025-11-10 00:00:00-05:00,268.46122924118225,273.22240319845355,266.96401085683,268.93035888671875,41312400,0.26,0.0,AAPL,268.8616088867187,262.7143135070801,1,-14.338322198584208,64.66286212222002,0.454869456011342,1
2025-11-11 00:00:00-05:00,269.3096487524697,275.3983427074405,269.2996575494418,274.73956298828125,46208300,0.0,0.0,AAPL,269.9538818359375,264.0977409362793,1,11.850921273031823,83.98831276161593,2.160114657791201,0
2025-11-12 00:00:00-05:00,274.49002155435767,275.2186787593472,271.19615348009904,272.9628601074219,48398000,0.0,0.0,AAPL,270.6708679199219,265.31405487060545,1,4.7387590541093205,77.4764488599573,-0.6466862149501096,0
2025-11-13 00:00:00-05:00,273.6016697208788,276.1868935731559,271.5854266195937,272.44384765625,49602800,0.0,0.0,AAPL,271.35784912109375,266.59865112304686,1,2.489359064424157,72.55859673359325,-0.19014031834500011,0
2025-11-14 00:00:00-05:00,270.54732197227213,275.44821996704485,269.10002929321837,271.9048156738281,47431300,0.0,0.0,AAPL,272.1962890625,267.61497955322267,1,-4.377777060972365,60.98386782473136,-0.197850671637112,0
2025-11-17 00:00:00-05:00,268.3214829895084,269.98836893107386,265.237217022597,266.9639892578125,45018300,0.0,0.0,AAPL,271.8030151367187,267.88816986083987,1,-5.0873579260952155,47.135376380151826,-1.8171161859606544,0
2025-11-18 00:00:00-05:00,269.48932037088264,270.2079864201871,264.8279974843966,266.9440612792969,45677300,0.0,0.0,AAPL,270.24391479492186,268.1339401245117,1,1.463849145791829,45.38458823114124,-0.007464669137968727,1
2025-11-19 00:00:00-05:00,265.0375710636542,271.7051756343288,265.00762791735707,268.06195068359375,40424500,0.0,0.0,AAPL,269.26373291015625,268.65099334716797,1,-11.499804060222473,43.8857520876009,0.41877290655560895,0
2025-11-20 00:00:00-05:00,270.327749378444,274.91922505965954,265.42688147061517,265.7562561035156,45823600,0.0,0.0,AAPL,267.92621459960935,268.9964233398438,0,13.356009350764996,41.37110472288247,-0.8601349703672212,1
2025-11-21 00:00:00-05:00,265.4568071090486,272.8230952896135,265.17732758833057,270.98651123046875,59030800,0.0,0.0,AAPL,267.7425537109375,269.4418197631836,0,28.821829799491972,55.138587342255235,1.9680647235321702,1
2025-11-24 00:00:00-05:00,270.397615191446,276.4863089537433,270.397615191446,275.4083251953125,65585800,0.0,0.0,AAPL,269.4314208984375,269.8096527099609,0,11.104372632591808,60.33290054958735,1.6317468883471742,1
2025-11-25 00:00:00-05:00,274.75953066216096,279.8600705608694,274.73957871594786,276.4563903808594,46914200,0.0,0.0,AAPL,271.33388671875,270.2204162597656,1,-28.468967367936347,61.56177442010932,0.3805495657415614,1
2025-11-26 00:00:00-05:00,276.44637611579356,279.01161742605893,276.1170014953278,277.0352783203125,33431400,0.0,0.0,AAPL,273.12855224609376,270.62522277832034,1,-28.73927297065707,63.02072864632583,0.2093957526739132,1
2025-11-28 00:00:00-05:00,276.7458380127342,278.4826014787427,275.4781737009374,278.3328857421875,20135600,0.0,0.0,AAPL,275.6438781738281,271.01015014648436,1,-39.77039549644945,67.2280214693707,0.46839067924580036,1
2025-12-01 00:00:00-05:00,277.4944549964911,282.89442609469603,275.62792768573877,282.57501220703125,46587700,0.0,0.0,AAPL,277.9615783691406,271.65853729248045,1,131.36981267009676,70.15634298079524,1.524119743713337,1
2025-12-02 00:00:00-05:00,282.47518456741903,286.86701880065203,282.10587559562896,285.6592712402344,53669500,0.0,0.0,AAPL,280.011767578125,272.526953125,1,15.20100799137969,67.54333409491386,1.0914832876105063,0
2025-12-03 00:00:00-05:00,285.6692634925469,288.0847586222564,282.77461708045536,283.623046875,43538700,0.0,0.0,AAPL,281.4450988769531,273.24419555664065,1,-18.876270507457683,66.98476047662531,-0.7128157809805358,0
2025-12-04 00:00:00-05:00,283.5731318378766,284.20196835267484,278.07334059490756,280.179443359375,43989100,0.0,0.0,AAPL,282.0739318847656,273.7842712402344,1,1.0344819666181948,61.274336251696845,-1.2141479874668626,0
2025-12-05 00:00:00-05:00,280.01974631085085,280.6186397013617,277.53434330937836,278.26300048828125,47265800,0.0,0.0,AAPL,282.05995483398436,274.2469741821289,1,7.448890747935288,58.909107391636404,-0.6840055245008081,0
2025-12-08 00:00:00-05:00,277.6142094762677,279.15136205700173,275.6378704438954,277.3746643066406,38211800,0.0,0.0,AAPL,281.01988525390624,274.7300765991211,1,-19.155499325093405,66.45637339132398,-0.3192433705098474,0
2025-12-09 00:00:00-05:00,277.64414811825674,279.5106752769474,276.40645748061854,276.66595458984375,32193300,0.0,0.0,AAPL,279.2212219238281,275.11685638427736,1,-15.750370304460926,65.04009691622468,-0.2555062909471051,1
2025-12-10 00:00:00-05:00,277.23491184461454,279.2312028389952,275.92734368017386,278.26300048828125,33038300,0.0,0.0,AAPL,278.1492126464844,275.2930282592773,1,2.62476975022754,65.55082064833078,0.5772469911612843,0
2025-12-11 00:00:00-05:00,278.5824273392719,279.07150890817053,273.3022288840155,277.514404296875,33248000,0.0,0.0,AAPL,277.6162048339844,275.52060546875,1,0.6347178880269366,68.81787021471335,-0.2690246960942222,1
2025-12-12 00:00:00-05:00,277.38464634485007,278.70220580092337,276.30666253778065,277.7639465332031,39532900,0.0,0.0,AAPL,277.5163940429687,275.78661041259767,1,18.903091915303172,62.90386494818884,0.08992046267306542,0
2025-12-15 00:00:00-05:00,279.63046152672615,279.63046152672615,272.33402020742307,273.6016540527344,50409100,0.0,0.0,AAPL,276.7617919921875,275.87145233154297,1,27.51176867874605,46.525864851383474,-1.498499906996098,1
2025-12-16 00:00:00-05:00,272.3140798989353,274.9891026980292,271.2859911871425,274.1007385253906,37648600,0.0,0.0,AAPL,276.2487487792969,276.22828979492186,1,-25.313881818957295,45.37250190639253,0.18241281266524467,0
2025-12-17 00:00:00-05:00,274.50001118897205,275.6478724530811,271.13626563598973,271.33587646484375,50138700,0.0,0.0,AAPL,274.8633239746094,276.44788055419923,0,33.1754700041967,39.689466094564665,-1.0087028861802017,1
2025-12-18 00:00:00-05:00,273.1025913325419,273.12257373871984,266.4549687260805,271.68524169921875,51630700,0.0,0.0,AAPL,273.69749145507814,276.6290451049805,0,2.9757452825861064,37.54679314058866,0.1287574790797219,1
2025-12-19 00:00:00-05:00,271.6453053723066,274.09077415448866,269.399477884542,273.1625061035156,144632000,0.0,0.0,AAPL,272.77720336914064,276.99935760498045,0,180.12790839558636,30.32965771465379,0.5437411303821804,0
2025-12-22 00:00:00-05:00,272.3539780142796,273.37210596231955,270.00836035897595,270.4674987792969,36571800,0.0,0.0,AAPL,272.15037231445314,276.97340698242186,0,-74.71389457381493,17.727036979409775,-0.9865948891234266,1
2025-12-23 00:00:00-05:00,270.3377490962612,271.99467443806464,269.06012395403746,271.85491943359375,29642000,0.0,0.0,AAPL,271.7012084960937,276.7957366943359,0,-18.948479429505795,24.291447771940582,0.5129713035979311,1
2025-12-24 00:00:00-05:00,271.8349404799371,274.9192064044749,271.69521595033444,273.3022155761719,17910600,0.0,0.0,AAPL,272.0944763183594,276.6380279541016,0,-39.57695162269752,33.540423480604474,0.5323781322749355,0
2025-12-26 00:00:00-05:00,273.65157518449314,274.859322715931,272.35396775197984,272.8929748535156,21521800,0.0,0.0,AAPL,272.3360229492188,276.43091278076173,0,20.162361953256735,36.14834920030165,-0.14973926274014504,1
2025-12-29 00:00:00-05:00,272.1843267483383,273.8512128461511,271.8449608988494,273.2523498535156,23715200,0.0,0.0,AAPL,272.35399169921874,276.1768859863281,0,10.191526731035516,39.06843798758263,0.1316908213532919,0
2025-12-30 00:00:00-05:00,272.304089543875,273.5717234473003,271.77507361210075,272.5735778808594,22139600,0.0,0.0,AAPL,272.77520751953125,275.6768142700195,0,-6.643840237484822,39.13056870001929,-0.24840480713893553,0
2025-12-31 00:00:00-05:00,272.553621806917,273.17246717497864,271.24605357156486,271.3558349609375,27293600,0.0,0.0,AAPL,272.675390625,274.9616424560547,0,23.279553379464858,31.2771948632936,-0.446757506501283,0
2026-01-02 00:00:00-05:00,271.75509761912826,277.32473598417806,268.5011336129586,270.5074157714844,37838100,0.0,0.0,AAPL,272.1164306640625,274.3058609008789,0,38.6335990854999,31.108843929209073,-0.3126592761770741,0
2026-01-05 00:00:00-05:00,270.1381104139889,271.0064921177503,265.6464557026853,266.7643737792969,45647200,0.0,0.0,AAPL,270.8907104492188,273.635107421875,0,20.638192721093283,25.045418039823872,-1.3837114156417418,0
2026-01-06 00:00:00-05:00,266.504853430471,267.0538212812338,261.6338984265986,261.8734436035156,52352100,0.0,0.0,AAPL,268.61492919921875,272.81562957763674,0,14.68852415920363,24.24389053904801,-1.8334270451824564,0
2026-01-07 00:00:00-05:00,262.71190159101934,263.1909919246956,259.32817380451803,259.8471984863281,48309800,0.0,0.0,AAPL,266.0696533203125,271.9392562866211,0,-7.72137125349317,20.66567181427412,-0.7737497507594893,0
2026-01-08 00:00:00-05:00,256.5433578451618,258.80916773471864,255.22581364132833,258.55963134765625,50419300,0.0,0.0,AAPL,263.5104125976562,271.03394012451173,0,4.366608845410247,22.003637871310303,-0.4955093401707855,1
2026-01-09 00:00:00-05:00,258.5995368285105,259.7274461787287,255.74485516422806,258.8890075683594,39997000,0.0,0.0,AAPL,261.1867309570313,270.06524047851565,0,-20.671250890036152,21.93525069106535,0.12738888084979916,1
2026-01-12 00:00:00-05:00,258.6794199598783,260.8154357257053,256.32378048041085,259.76739501953125,45263800,0.0,0.0,AAPL,259.78733520507814,269.1778900146484,0,13.167987599069942,19.82922996765241,0.339291134614883,1
2026-01-13 00:00:00-05:00,258.24022168851656,261.3244878277737,257.9108470550362,260.5658874511719,45730800,0.0,0.0,AAPL,259.52582397460935,268.3179870605469,0,1.0317295498831314,25.614566203593753,0.3073874731586601,0
2026-01-14 00:00:00-05:00,259.0087756526009,261.33447181199796,256.23393227813756,259.4779052734375,40019400,0.0,0.0,AAPL,259.45196533203125,267.611799621582,0,-12.489175785247575,19.061902131957382,-0.4175458991876879,0
2026-01-15 00:00:00-05:00,260.1666175851947,260.5559089501236,256.5732877053955,257.73114013671875,39388600,0.0,0.0,AAPL,259.28626708984376,266.79331970214844,0,-1.5762355257699978,11.652013402137797,-0.6731845375728684,0
2026-01-16 00:00:00-05:00,257.4217372195352,258.41988279267105,254.45724364888233,255.05613708496094,72142800,0.0,0.0,AAPL,258.5196929931641,265.9793327331543,0,83.15654783363715,10.482189932137643,-1.03790448074641,0
2026-01-20 00:00:00-05:00,252.26132447540706,254.31750190322293,242.9685916985444,246.2425079345703,80267500,0.0,0.0,AAPL,255.81471557617186,264.7071960449219,0,11.261969316411346,6.4671304291368585,-3.4555644302943223,1
2026-01-21 00:00:00-05:00,248.23880604127606,251.09350304772093,244.72532928784554,247.1907501220703,54641700,0.0,0.0,AAPL,253.13968811035156,263.4086082458496,0,-31.925499112343104,9.441757881663264,0.38508468560267684,1
2026-01-22 00:00:00-05:00,248.737864640942,250.53452965267718,247.68980878155546,247.8894500732422,39708300,0.0,0.0,AAPL,250.8219970703125,262.2797058105469,0,-27.32967678531232,11.871524377394039,0.2826561879143208,0
2026-01-23 00:00:00-05:00,246.86136630134166,248.94748685874615,244.22624741136653,247.58001708984375,41689000,0.0,0.0,AAPL,248.7917724609375,261.0659606933594,0,4.988125908185448,12.083161317087587,-0.12482700788880585,1
2026-01-26 00:00:00-05:00,251.01363570547153,256.08421686766076,249.336758511775,254.9363555908203,55969200,0.0,0.0,AAPL,248.76781616210937,260.1476676940918,0,34.2541197917916,32.527275456754865,2.97129735567756,1
2026-01-27 00:00:00-05:00,258.68937090303496,261.46421404872183,257.73112933459527,257.791015625,49648300,0.0,0.0,AAPL,251.0775177001953,259.392569732666,0,-11.293532871650836,43.5832716953655,1.1197539980376536,0
2026-01-28 00:00:00-05:00,257.17220993748055,258.3799575946877,254.03803333601454,255.96446228027344,41288000,0.0,0.0,AAPL,252.83226013183594,258.5281753540039,0,-16.839045848498337,43.85859310400755,-0.7085403423770176,1
2026-01-29 00:00:00-05:00,257.52154586161765,259.16847988830324,253.93820707645818,257.801025390625,67253000,0.0,0.0,AAPL,254.8145751953125,257.7895477294922,0,62.887521798101155,48.820579926610066,0.7175070687510443,1
2026-01-30 00:00:00-05:00,254.69678984095313,261.41430490835,251.7123292610244,258.9988098144531,92443400,0.0,0.0,AAPL,257.09833374023435,257.171696472168,0,37.4561729588271,50.16622331210344,0.46461584937966816,1
2026-02-02 00:00:00-05:00,259.5478036352127,269.98839826257677,258.7293169184304,269.5093078613281,73913400,0.0,0.0,AAPL,260.01292419433594,257.12179107666014,1,-20.04469762038177,61.41791567947442,4.058126002356821,0
2026-02-03 00:00:00-05:00,268.70080609664296,271.3758289780004,267.11372779647115,268.98028564453125,64394700,0.0,0.0,AAPL,262.2507781982422,257.2325866699219,1,-12.878179058195126,59.92470523528624,-0.19629088916998105,1
2026-02-04 00:00:00-05:00,271.7850411492978,278.432693698261,271.7850411492978,275.97723388671875,90545700,0.0,0.0,AAPL,266.2533325195312,257.93777618408205,1,40.610485024388645,67.08000068237865,2.601286642781786,0
2026-02-05 00:00:00-05:00,277.6142303156022,278.98168486317746,272.72332314901723,275.3983459472656,52977400,0.0,0.0,AAPL,269.7727966308594,258.71533355712893,1,-41.490981901956694,68.74215730075173,-0.2097593092373451,1
2026-02-06 00:00:00-05:00,276.6060720438839,280.3890519626743,276.4164219647768,277.6042175292969,50453400,0.0,0.0,AAPL,273.49387817382814,259.6675628662109,1,-4.764295718551681,74.16048775144165,0.8009748840153375,0
2026-02-09 00:00:00-05:00,277.6541982366954,277.9439398399519,271.4499228389202,274.3672180175781,44623400,0.26,0.0,AAPL,274.4654602050781,260.44147338867185,1,-11.555217289617747,84.22621622976664,-1.166048390953256,0
2026-02-10 00:00:00-05:00,274.6369782150198,275.11651686144285,272.68876099546605,273.4280700683594,34376900,0.0,0.0,AAPL,275.3550170898437,261.12450714111327,1,-22.962167831227564,81.93643577810062,-0.3422959769044165,1
2026-02-11 00:00:00-05:00,274.44714753122867,279.92208361183503,274.1973776592452,275.24639892578125,51931300,0.0,0.0,AAPL,275.20885009765624,261.85853271484376,1,51.06452297909352,82.41572271893108,0.6650117732854843,0
2026-02-12 00:00:00-05:00,275.3363333447182,275.46621856633783,259.94051360693726,261.4891052246094,81077200,0.0,0.0,AAPL,272.427001953125,261.95909271240237,1,56.12395607273455,62.498080479463326,-4.998173910671744,0
2026-02-13 00:00:00-05:00,261.7688319830923,261.9886306947134,255.21485759663088,255.5445556640625,56290700,0.0,0.0,AAPL,268.01506958007815,261.84976348876955,1,-30.571480021510368,50.56072765312005,-2.2733450234726726,1
2026-02-17 00:00:00-05:00,257.8124646511843,266.0449008431299,255.30478047881587,263.6371154785156,58469100,0.0,0.0,AAPL,265.8690490722656,262.27881240844727,1,3.869911015496341,54.91508385392453,3.1667901487565153,1
2026-02-18 00:00:00-05:00,263.35737977838915,266.57441720150126,262.20844437502524,264.106689453125,34203300,0.0,0.0,AAPL,264.00477294921876,263.172021484375,1,-41.501921527781334,57.00538864941378,0.17811375828364895,0
2026-02-19 00:00:00-05:00,262.35827847824623,264.2365527856389,259.81060750150084,260.3401184082031,30845300,0.0,0.0,AAPL,261.0235168457031,263.82948989868163,0,-9.817766121982386,52.11435901892887,-1.4261551090285374,1
2026-02-20 00:00:00-05:00,258.73163460792017,264.5063132392292,257.9223826043077,264.3364562988281,42070500,0.0,0.0,AAPL,261.5929870605469,264.65184020996094,0,36.39193005093158,54.24683837519534,1.5350449692731916,1
2026-02-23 00:00:00-05:00,263.24744081710827,269.1819753311392,263.13755670993424,265.9349670410156,37308200,0.0,0.0,AAPL,263.6710693359375,265.56958770751953,0,-11.31980841682414,46.68616646238848,0.6047257970275721,1
2026-02-24 00:00:00-05:00,267.61343657617186,274.6369951599546,267.46358073991865,271.8895263671875,47014600,0.0,0.0,AAPL,265.32155151367186,266.41724624633787,0,26.016800596115598,52.45066535320121,2.239103564464129,1
2026-02-25 00:00:00-05:00,271.5298429675081,274.6869380517792,270.8005039088116,273.97760009765625,33714300,0.0,0.0,AAPL,267.2957336425781,267.2265754699707,1,-28.28972276697026,48.16369677511928,0.7679860855135612,0
2026-02-26 00:00:00-05:00,274.6969199809464,275.8558253670768,270.55071567552415,272.6987609863281,32345100,0.0,0.0,AAPL,269.7674621582031,268.06329040527345,1,-4.0611847198369855,47.5523833134853,-0.46676776162442035,0
2026-02-27 00:00:00-05:00,272.5588900215503,272.5588900215503,262.6480379442022,263.93682861328125,72366500,0.0,0.0,AAPL,269.6875366210937,268.3700805664063,1,123.73249734890291,38.924908489222716,-3.213044438249635,1
2026-03-02 00:00:00-05:00,262.16844722421786,266.2846497598317,259.960490133898,264.476318359375,41827900,0.0,0.0,AAPL,269.39580688476565,268.64395599365236,1,-42.19991294314358,41.61870099886165,0.20440108677830526,0
2026-03-03 00:00:00-05:00,263.23749216234586,265.31556422164516,259.8905695547566,263.5072326660156,38568900,0.0,0.0,AAPL,267.71934814453124,268.3438522338867,0,-7.791450204289485,41.59759563542075,-0.3664168116717992,0
2026-03-04 00:00:00-05:00,264.4063951364299,265.9050144519466,261.179387723623,262.2783508300781,39803100,0.0,0.0,AAPL,265.37949829101564,268.0087554931641,0,3.1999875547396917,38.906006630231204,-0.46635601744375865,0
2026-03-05 00:00:00-05:00,260.54995479568396,261.3192350446657,257.01320478174756,260.0504150390625,49658600,0.0,0.0,AAPL,262.8498291015625,267.21241455078126,0,24.760634221957577,48.46676766145887,-0.8494547048829904,0
2026-03-06 00:00:00-05:00,258.39192833924307,258.53178361058343,254.13584003818684,257.2229919433594,41120000,0.0,0.0,AAPL,261.50706176757814,266.30364685058595,0,-17.194604761310227,51.9160330288295,-1.087259597443213,1
2026-03-09 00:00:00-04:00,255.45463216869055,260.9095975388004,253.44647267699952,259.6407775878906,38218500,0.0,0.0,AAPL,260.5399536132812,265.4054748535156,0,-7.0561770428015596,44.75890112704918,0.9399570490431275,1
2026-03-10 00:00:00-04:00,257.4128391437035,262.2384104290217,256.71350175461305,260.58990478515625,30590800,0.0,0.0,AAPL,259.95648803710935,264.7166091918945,0,-19.958135457958836,45.44511673573155,0.36555398041986376,0
2026-03-11 00:00:00-04:00,260.8496568052655,261.888707997661,259.3110658747261,260.5699157714844,26218900,0.0,0.0,AAPL,259.61480102539065,264.0737014770508,0,-14.291551708356764,50.32961953238675,-0.007670678451010549,0
2026-03-12 00:00:00-04:00,258.4219063383753,258.71164792954545,253.94601921584928,255.52456665039062,40794000,0.0,0.0,AAPL,258.7096313476562,263.0876098632813,0,55.590051451433894,37.72955974842767,-1.936274610273292,0
2026-03-13 00:00:00-04:00,255.24483747003174,256.0940459350445,249.29033192864068,249.8897705078125,36930000,0.0,0.0,AAPL,257.24298706054685,262.5076431274414,0,-9.471981173702016,29.915017713874875,-2.2051876328148423,1
2026-03-16 00:00:00-04:00,251.87794235419486,253.6563027081548,249.6499992581203,252.58729553222656,32074200,0.0,0.0,AAPL,255.83229064941406,262.3597801208496,0,-13.14865962632007,23.69281473911613,1.0794859745288043,1
2026-03-17 00:00:00-04:00,252.72716690012706,254.89516767044782,251.94787083452104,253.99598693847656,32361600,0.0,0.0,AAPL,254.5135070800781,261.87772369384766,0,0.8960472903455141,22.25304005305658,0.5577047742174601,0
2026-03-18 00:00:00-04:00,252.3974721128864,254.70534343896443,248.7708084606242,249.70994567871094,35757900,0.0,0.0,AAPL,252.34151306152344,261.15788650512695,0,10.494845743102932,20.53777634370752,-1.6874444795081711,0
2026-03-19 00:00:00-04:00,249.17043241392184,251.5982036354298,247.0723745163624,248.73085021972656,34864100,0.0,0.0,AAPL,250.98276977539064,260.5774230957031,0,-2.4995875037404303,25.655801900458712,-0.3920930967820313,0
2026-03-20 00:00:00-04:00,247.7517334570195,248.97061168291066,245.77356028907465,247.76173400878906,88331100,0.0,0.0,AAPL,250.55716247558593,259.74868698120116,0,153.35832561287975,23.6036965191513,-0.38962445152316283,1
2026-03-23 00:00:00-04:00,253.73622734962268,254.3656523266213,250.0496214753341,251.25851440429688,40546100,0.0,0.0,AAPL,250.29140625,259.0148643493652,0,-54.09759416558833,32.08651331351703,1.4113480475494988,1
2026-03-24 00:00:00-04:00,250.1195650925759,254.5954370944537,249.32029842391177,251.4083709716797,45152300,0.0,0.0,AAPL,249.7738830566406,257.99080657958984,0,11.360402110190627,33.58480827148233,0.059642383756863815,1
2026-03-25 00:00:00-04:00,253.86611511385965,254.76528059453105,251.3684162845015,252.38746643066406,28476700,0.0,0.0,AAPL,250.30938720703125,256.9112998962402,0,-36.93189494222886,37.97428282569955,0.3894442556547473,1
2026-03-26 00:00:00-04:00,251.88793104116345,256.76344411909713,250.53918279672283,252.6572265625,41796700,0.0,0.0,AAPL,251.09466247558595,255.90922317504882,0,46.775082786980235,42.20939157530559,0.10688333127273353,0
2026-03-27 00:00:00-04:00,253.666280215245,255.2548282141602,247.8416601166152,248.57098388671875,47900000,0.0,0.0,AAPL,251.2565124511719,255.14093093872071,0,14.602348989274283,32.12904471791052,-1.6173068672430957,0
2026-03-30 00:00:00-04:00,249.83982057534305,250.63907198816298,245.28400520065438,246.40298461914062,39446200,0.0,0.0,AAPL,250.28540649414063,254.23726425170898,0,-17.64885177453027,27.964008786391517,-0.8721851736991693,1
2026-03-31 00:00:00-04:00,247.6818040942864,255.24482803058763,246.87255213324852,253.55638122558594,49598100,0.0,0.0,AAPL,250.7150085449219,253.7397216796875,0,25.73606583143624,41.08231627463359,2.9031290418426448,1
2026-04-01 00:00:00-04:00,253.8461228128272,255.94418062939917,253.096813183035,255.3946990966797,40059400,0.0,0.0,AAPL,251.316455078125,253.3955390930176,0,-19.231986709168293,49.82021128501084,0.7250134515282447,1
2026-04-02 00:00:00-04:00,253.96601496217014,255.89424639361263,250.4192795609811,255.68443298339844,31289400,0.0,0.0,AAPL,251.9218963623047,253.17723999023437,0,-21.8924896528655,59.415585542565374,0.11344553655323608,1
2026-04-06 00:00:00-04:00,256.27389167390277,261.9186847371787,256.2239194053331,258.6217041015625,29329900,0.0,0.0,AAPL,253.93204040527343,253.24717559814454,1,-6.262504234660938,59.72933968980934,1.1487876222620041,0
2026-04-07 00:00:00-04:00,255.92421782448065,255.96418954301222,245.47383916108728,253.26666259765625,62148000,0.0,0.0,AAPL,255.30477600097657,252.9284698486328,1,111.89298292868371,48.95684880473123,-2.07060792616357,1
2026-04-08 00:00:00-04:00,258.2121146377317,259.51090582044134,256.29386854025813,258.66168212890625,41032800,0.0,0.0,AAPL,256.3258361816406,252.83205871582032,1,-33.97567097895347,62.40996518548071,2.1301735790709264,1
2026-04-09 00:00:00-04:00,258.7615948993736,260.879638597066,255.8342992320816,260.2502136230469,28121600,0.0,0.0,AAPL,257.29693908691405,252.81607360839843,1,-31.46555925990915,65.70415570918564,0.6141348347641795,0
2026-04-10 00:00:00-04:00,259.7406946341393,261.94865175168746,258.78155637925676,260.240234375,31291500,0.0,0.0,AAPL,258.2080993652344,253.0518569946289,1,11.272118229403727,67.46856030393664,-0.0038344821731151058,0
2026-04-13 00:00:00-04:00,259.49093671136296,259.9405042051452,256.4237552437805,258.96142578125,36234700,0.0,0.0,AAPL,258.2760437011719,253.50543975830078,1,15.797261237077166,61.49720733499317,-0.49139542039732254,0
2026-04-14 00:00:00-04:00,259.01136264890187,261.68888841493145,256.9532612999924,258.59173583984375,48370700,0.0,0.0,AAPL,259.3410583496094,253.80566177368163,1,33.49275694293039,60.65184150066001,-0.142758690909639,1
2026-04-15 00:00:00-04:00,257.92237663273806,266.3146386359468,257.57269269729437,266.18475341796875,49913500,0.0,0.0,AAPL,260.8456726074219,254.41510009765625,1,3.1895341601424043,67.10429694342308,2.936295529114541,0
2026-04-16 00:00:00-04:00,266.55439590858066,266.91408037974617,261.0294875448873,263.15753173828125,43323100,0.0,0.0,AAPL,261.42713623046876,255.08747940063478,1,-13.20364230118104,62.18407883386616,-1.1372633634406881,1
2026-04-17 00:00:00-04:00,266.7142527536172,272.0493335842862,266.47448343207725,269.98126220703125,61436200,0.0,0.0,AAPL,263.375341796875,256.15,1,41.80933497372072,73.35950839191202,2.593021154924191,1
2026-04-20 00:00:00-04:00,270.08114756253855,274.0275237795767,270.04120633500696,272.79864501953125,36590200,0.0,0.0,AAPL,266.1427856445313,257.40184555053713,1,-40.4419544177537,78.39638914405668,1.043547537139644,0
2026-04-21 00:00:00-04:00,271.250098918132,272.5488901425708,265.1557075406741,265.9250183105469,50209800,0.0,0.0,AAPL,267.60944213867185,258.1351707458496,1,37.22198840126592,63.38673222373828,-2.5196703995697067,1
2026-04-22 00:00:00-04:00,267.5734973129919,273.48803128351057,266.62435952726383,272.9185791015625,43249200,0.0,0.0,AAPL,268.9562072753906,259.21068115234374,1,-13.863030723085934,67.06230528206522,2.629899524101398,1
2026-04-23 00:00:00-04:00,274.79681820267325,275.5161566987003,271.39995382845746,273.1783142089844,33399600,0.0,0.0,AAPL,270.9603637695312,260.25022354125974,1,-22.774062872839263,67.04305274389999,0.09516944880663125,0
2026-04-24 00:00:00-04:00,272.50893317942314,272.80864483253174,269.4017800912603,270.81048583984375,38157100,0.0,0.0,AAPL,271.12620849609374,261.15788650512695,1,14.244182565060658,62.00790100295836,-0.8667702544387201,0
2026-04-27 00:00:00-04:00,265.84505761361925,268.1129570778125,264.8260075108844,267.3636474609375,41466800,0.0,0.0,AAPL,270.039208984375,262.0975196838379,1,8.673877207649427,64.430334034758,-1.2727861582674027,1
2026-04-28 00:00:00-04:00,272.0893199684016,272.97851539952296,268.4127145556596,270.4608154296875,40018900,0.0,0.0,AAPL,270.9463684082031,263.30041122436523,1,-3.4917090298745013,62.67439695369171,1.1584102768505522,0
2026-04-29 00:00:00-04:00,267.3037117460274,270.7905199823619,266.7942019267937,269.92132568359375,30047900,0.0,0.0,AAPL,270.3469177246094,264.1186584472656,1,-24.915727318841853,60.62804476011164,-0.1994705758897597,1
2026-04-30 00:00:00-04:00,270.25102650288807,275.7459641951834,267.893213328058,271.1002502441406,91848200,0.0,0.0,AAPL,269.9313049316406,264.9039360046387,1,205.67260940032415,61.63564251545758,0.4367659937802859,1
2026-05-01 00:00:00-04:00,278.6032901046287,286.95561044034525,278.1137509144006,279.88214111328125,79915400,0.0,0.0,AAPL,271.7456359863281,266.1138214111328,1,-12.9918713703698,69.31020379190173,3.239351812191993,0
2026-05-04 00:00:00-04:00,279.4025768563376,280.3716851917065,274.60697695873915,276.5751647949219,46668400,0.0,0.0,AAPL,273.587939453125,267.0114944458008,1,-41.60274490273464,65.74527265877373,-1.1815603186417278,1
2026-05-05 00:00:00-04:00,276.6750995896243,284.30808218316156,276.2455026895375,283.9184265136719,49311700,0.0,0.0,AAPL,276.2794616699219,268.54408264160156,1,5.664003908426252,65.59480353022445,2.6550690927708454,1
2026-05-06 00:00:00-04:00,281.66051049385584,287.76487170009636,280.8112868075762,287.245361328125,58336100,0.0,0.0,AAPL,279.7442687988281,269.9732666015625,1,18.300727819158546,71.07150713426863,1.1717924952267644,0
2026-05-07 00:00:00-04:00,289.00371711581823,291.8611003514943,285.5169394038565,287.1754150390625,45224300,0.0,0.0,AAPL,282.9593017578125,271.3195266723633,1,-22.476305409514865,67.05648501111634,-0.024350711440246364,1
2026-05-08 00:00:00-04:00,289.7430674686918,294.4886952888782,289.7330669166447,293.0500183105469,52692800,0.0,0.0,AAPL,285.59287719726564,272.96001586914065,1,16.514351797595552,68.9404002619016,2.0456497888878378,0
2026-05-11 00:00:00-04:00,291.9800109863281,293.8800048828125,290.2300109863281,292.67999267578125,42247300,0.27,0.0,AAPL,288.8138427734375,274.6459442138672,1,-19.823391431087355,78.48869137638242,-0.12626705737772692,1
2026-05-12 00:00:00-04:00,292.55999755859375,295.2699890136719,292.55999755859375,294.79998779296875,45689300,0.0,0.0,AAPL,290.9901550292969,276.45635681152345,1,8.147266215829173,75.9975373387595,0.7243389265544797,1
